-- phpMyAdmin SQL Dump
-- version 4.9.2
-- https://www.phpmyadmin.net/
--
-- Hôte : 127.0.0.1:3306
-- Généré le :  jeu. 25 juin 2020 à 04:54
-- Version du serveur :  8.0.18
-- Version de PHP :  7.4.0

SET SQL_MODE = "NO_AUTO_VALUE_ON_ZERO";
SET AUTOCOMMIT = 0;
START TRANSACTION;
SET time_zone = "+00:00";


/*!40101 SET @OLD_CHARACTER_SET_CLIENT=@@CHARACTER_SET_CLIENT */;
/*!40101 SET @OLD_CHARACTER_SET_RESULTS=@@CHARACTER_SET_RESULTS */;
/*!40101 SET @OLD_COLLATION_CONNECTION=@@COLLATION_CONNECTION */;
/*!40101 SET NAMES utf8mb4 */;

--
-- Base de données :  `clinique`
--

-- --------------------------------------------------------

--
-- Structure de la table `animal`
--

DROP TABLE IF EXISTS `animal`;
CREATE TABLE IF NOT EXISTS `animal` (
  `id` int(11) NOT NULL,
  `nomAnimal` varchar(255) CHARACTER SET utf8mb4 COLLATE utf8mb4_0900_ai_ci DEFAULT NULL,
  `dateNaissance` date DEFAULT NULL,
  `datedécès` date DEFAULT NULL,
  `idPropriétaire` int(11) DEFAULT NULL,
  PRIMARY KEY (`id`)
) ENGINE=MyISAM DEFAULT CHARSET=utf8mb4 COLLATE=utf8mb4_0900_ai_ci;

--
-- Déchargement des données de la table `animal`
--

INSERT INTO `animal` (`id`, `nomAnimal`, `dateNaissance`, `datedécès`, `idPropriétaire`) VALUES
(57, 'Crane, sarus', '2017-10-10', '0000-00-00', 23),
(56, 'Bent-toed gecko', '2019-11-28', '2020-03-22', 34),
(55, 'White-rumped vulture', '2019-08-20', '0000-00-00', 34),
(54, 'Trumpeter, green-winged', '2018-05-07', '0000-00-00', 27),
(53, 'Indian porcupine', '2020-01-24', '0000-00-00', 16),
(52, 'Seal, southern elephant', '2016-01-17', '0000-00-00', 36),
(51, 'African polecat', '2017-09-30', '0000-00-00', 7),
(50, 'Python (unidentified)', '2015-06-25', '0000-00-00', 9),
(49, 'Waved albatross', '2018-10-24', '0000-00-00', 12),
(48, 'Lesser double-collared sunbird', '2015-10-06', '0000-00-00', 9),
(47, 'Crab, red lava', '2019-02-11', '2019-09-23', 6),
(46, 'Cheetah', '2018-03-15', '0000-00-00', 9),
(45, 'Boa, emerald green tree', '2017-08-28', '0000-00-00', 2),
(44, 'Wild turkey', '2019-01-26', '0000-00-00', 36),
(43, 'Shrew, mandras tree', '2017-09-27', '2019-09-23', 21),
(42, 'Rattlesnake, horned', '2014-07-27', '0000-00-00', 5),
(41, 'Canadian river otter', '2016-05-25', '0000-00-00', 27),
(40, 'Eastern quoll', '2017-11-11', '0000-00-00', 28),
(39, 'Tenrec, tailless', '2016-06-03', '0000-00-00', 6),
(38, 'Cormorant, pied', '2015-09-13', '0000-00-00', 9),
(37, 'Gonolek, burchell\'s', '2015-07-10', '0000-00-00', 23),
(36, 'Screamer, southern', '2019-07-29', '0000-00-00', 35),
(35, 'Flicker, field', '2016-04-14', '2019-12-10', 18),
(34, 'Snowy sheathbill', '2019-09-09', '0000-00-00', 27),
(33, 'Coot, red-knobbed', '2016-08-15', '0000-00-00', 30),
(32, 'Chuckwalla', '2016-06-03', '0000-00-00', 10),
(31, 'Genet, small-spotted', '2019-08-09', '2020-02-06', 35),
(30, 'Porcupine, north american', '2015-06-24', '0000-00-00', 28),
(29, 'Galapagos dove', '2020-01-09', '0000-00-00', 24),
(28, 'Fox, savanna', '2015-09-30', '2020-01-16', 29),
(27, 'Mouse, four-striped grass', '2018-04-19', '0000-00-00', 16),
(26, 'Grey phalarope', '2015-11-17', '0000-00-00', 2),
(25, 'Duck, comb', '2019-06-18', '0000-00-00', 34),
(24, 'Blue wildebeest', '2019-11-01', '0000-00-00', 18),
(23, 'Jaeger, long-tailed', '2018-01-23', '0000-00-00', 35),
(22, 'billy', '2019-05-11', '0000-00-00', 14),
(21, 'boule', '2018-03-26', '0000-00-00', 11),
(20, 'Iguana, land', '2018-02-20', '0000-00-00', 19),
(19, 'poum', '2019-09-02', '0000-00-00', 5),
(18, 'Long-necked turtle', '2019-12-07', '0000-00-00', 18),
(17, 'Arctic ground squirrel', '2020-03-01', '0000-00-00', 16),
(16, 'Quail, gambel\'s', '2020-04-13', '0000-00-00', 14),
(15, 'Australian masked owl', '2020-06-10', '0000-00-00', 16),
(14, 'Bald eagle', '2016-02-01', '2019-12-22', 33),
(13, 'Gila monster', '2015-11-25', '0000-00-00', 6),
(12, 'Squirrel, thirteen-lined', '2014-08-16', '2020-04-14', 28),
(11, 'hula', '2015-05-22', '0000-00-00', 24),
(10, 'Blackbird, red-winged', '2018-08-02', '0000-00-00', 34),
(9, 'Snake, green vine', '2019-10-27', '2020-02-27', 29),
(8, 'Lesser masked weaver', '2018-01-14', '2019-08-01', 5),
(7, 'Barasingha deer', '2017-12-29', '0000-00-00', 12),
(6, 'umpi', '2017-02-27', '0000-00-00', 34),
(5, 'doko', '2015-08-12', '0000-00-00', 36),
(4, 'Gazelle, thomson\'s', '2016-12-06', '0000-00-00', 30),
(3, 'Oryx, fringe-eared', '2018-12-10', '0000-00-00', 11),
(2, 'Squirrel, nelson ground', '2016-11-15', '0000-00-00', 3),
(1, 'Long-billed cockatoo', '2017-04-16', '0000-00-00', 17),
(0, 'nom', '0000-00-00', '0000-00-00', 0),
(58, 'Otter, oriental short-clawed', '2014-07-24', '0000-00-00', 3),
(59, 'Flicker, field', '2016-11-07', '0000-00-00', 17),
(60, 'Tarantula, salmon pink bird eater', '2015-06-04', '0000-00-00', 25),
(61, 'Moccasin, water', '2019-02-25', '2019-11-07', 28),
(62, 'Sheathbill, snowy', '2018-02-02', '0000-00-00', 6),
(63, 'Partridge, coqui', '2019-02-22', '0000-00-00', 28),
(64, 'Constrictor, eastern boa', '2015-10-05', '2019-07-24', 10),
(65, 'Rhesus monkey', '2016-04-15', '2020-06-04', 18),
(66, 'Monkey, bleeding heart', '2020-01-20', '0000-00-00', 22),
(67, 'Four-striped grass mouse', '2015-01-06', '0000-00-00', 33),
(68, 'Cougar', '2015-08-21', '0000-00-00', 8),
(69, 'Wombat, common', '2015-04-21', '0000-00-00', 22),
(70, 'Hoffman\'s sloth', '2017-09-11', '0000-00-00', 25),
(71, 'Tyrant flycatcher', '2019-07-28', '0000-00-00', 13),
(72, 'Stork, saddle-billed', '2015-03-06', '0000-00-00', 19),
(73, 'Arctic ground squirrel', '2016-07-06', '0000-00-00', 30),
(74, 'Wombat, common', '2017-12-24', '0000-00-00', 4),
(75, 'Bear, grizzly', '2015-10-10', '0000-00-00', 28);

-- --------------------------------------------------------

--
-- Structure de la table `chat`
--

DROP TABLE IF EXISTS `chat`;
CREATE TABLE IF NOT EXISTS `chat` (
  `idAnimal` int(11) NOT NULL,
  `taille` int(11) DEFAULT NULL,
  `poids` int(11) DEFAULT NULL,
  `idRace` int(11) DEFAULT NULL,
  PRIMARY KEY (`idAnimal`)
) ENGINE=MyISAM DEFAULT CHARSET=utf8mb4 COLLATE=utf8mb4_0900_ai_ci;

--
-- Déchargement des données de la table `chat`
--

INSERT INTO `chat` (`idAnimal`, `taille`, `poids`, `idRace`) VALUES
(8, 30, 3, 0),
(17, 25, 2, 7),
(14, 26, 2, 17),
(16, 30, 4, 3),
(9, 35, 4, 4),
(12, 39, 5, 12),
(19, 40, 3, 1);

-- --------------------------------------------------------

--
-- Structure de la table `chien`
--

DROP TABLE IF EXISTS `chien`;
CREATE TABLE IF NOT EXISTS `chien` (
  `idAnimal` int(11) NOT NULL,
  `taille` int(11) DEFAULT NULL,
  `poids` int(11) DEFAULT NULL,
  `idRace` int(11) DEFAULT NULL,
  PRIMARY KEY (`idAnimal`)
) ENGINE=MyISAM DEFAULT CHARSET=utf8mb4 COLLATE=utf8mb4_0900_ai_ci;

--
-- Déchargement des données de la table `chien`
--

INSERT INTO `chien` (`idAnimal`, `taille`, `poids`, `idRace`) VALUES
(5, 132, 56, 4),
(6, 144, 48, 7),
(11, 40, 13, 17),
(21, 63, 4, 3),
(22, 44, 38, 4),
(19, 91, 24, 1);

-- --------------------------------------------------------

--
-- Structure de la table `dossier`
--

DROP TABLE IF EXISTS `dossier`;
CREATE TABLE IF NOT EXISTS `dossier` (
  `id` int(11) NOT NULL,
  `Antécedants` int(11) DEFAULT NULL,
  PRIMARY KEY (`id`)
) ENGINE=MyISAM DEFAULT CHARSET=utf8mb4 COLLATE=utf8mb4_0900_ai_ci;

-- --------------------------------------------------------

--
-- Structure de la table `effectuer`
--

DROP TABLE IF EXISTS `effectuer`;
CREATE TABLE IF NOT EXISTS `effectuer` (
  `id` int(11) NOT NULL,
  `id_1` int(11) NOT NULL,
  `idGarde` int(11) DEFAULT NULL,
  `idVétérinaire` int(11) DEFAULT NULL,
  PRIMARY KEY (`id`,`id_1`),
  KEY `id_1` (`id_1`)
) ENGINE=MyISAM DEFAULT CHARSET=utf8mb4 COLLATE=utf8mb4_0900_ai_ci;

-- --------------------------------------------------------

--
-- Structure de la table `garde`
--

DROP TABLE IF EXISTS `garde`;
CREATE TABLE IF NOT EXISTS `garde` (
  `id` int(11) NOT NULL,
  `jour` date DEFAULT NULL,
  `heure_Début` time DEFAULT NULL,
  `heure_fin` time DEFAULT NULL,
  PRIMARY KEY (`id`)
) ENGINE=MyISAM DEFAULT CHARSET=utf8mb4 COLLATE=utf8mb4_0900_ai_ci;

--
-- Déchargement des données de la table `garde`
--

INSERT INTO `garde` (`id`, `jour`, `heure_Début`, `heure_fin`) VALUES
(0, '0000-00-00', '00:00:00', '00:00:00'),
(1, '0000-00-00', '21:45:00', '17:54:00'),
(2, '0000-00-00', '13:59:00', '08:57:00'),
(3, '0000-00-00', '11:39:00', '08:26:00'),
(4, '0000-00-00', '13:25:00', '21:11:00'),
(5, '0000-00-00', '01:35:00', '04:37:00'),
(6, '0000-00-00', '17:09:00', '23:09:00'),
(7, '0000-00-00', '00:46:00', '04:21:00'),
(8, '0000-00-00', '04:51:00', '20:53:00'),
(9, '0000-00-00', '17:50:00', '07:57:00'),
(10, '0000-00-00', '06:41:00', '08:47:00'),
(11, '0000-00-00', '12:46:00', '05:03:00'),
(12, '0000-00-00', '12:39:00', '19:44:00'),
(13, '0000-00-00', '19:38:00', '23:56:00'),
(14, '0000-00-00', '20:28:00', '17:11:00'),
(15, '0000-00-00', '22:20:00', '16:22:00'),
(16, '0000-00-00', '02:06:00', '00:57:00'),
(17, '0000-00-00', '08:04:00', '03:55:00'),
(18, '0000-00-00', '21:50:00', '20:45:00'),
(19, '0000-00-00', '23:49:00', '13:34:00'),
(20, '0000-00-00', '17:25:00', '00:27:00'),
(21, '0000-00-00', '21:44:00', '08:11:00'),
(22, '0000-00-00', '10:22:00', '18:06:00'),
(23, '0000-00-00', '18:16:00', '00:00:00'),
(24, '0000-00-00', '22:09:00', '16:41:00'),
(25, '0000-00-00', '00:51:00', '19:25:00'),
(26, '0000-00-00', '17:35:00', '20:29:00'),
(27, '0000-00-00', '06:16:00', '20:32:00'),
(28, '0000-00-00', '05:12:00', '09:01:00'),
(29, '0000-00-00', '00:07:00', '14:33:00'),
(30, '0000-00-00', '21:25:00', '12:03:00'),
(31, '0000-00-00', '19:26:00', '13:27:00'),
(32, '0000-00-00', '06:28:00', '05:20:00'),
(33, '0000-00-00', '06:51:00', '15:20:00'),
(34, '0000-00-00', '09:40:00', '17:05:00'),
(35, '0000-00-00', '14:18:00', '02:56:00'),
(36, '0000-00-00', '07:44:00', '20:43:00'),
(37, '0000-00-00', '19:33:00', '13:31:00'),
(38, '0000-00-00', '22:51:00', '10:58:00'),
(39, '0000-00-00', '16:32:00', '20:11:00'),
(40, '0000-00-00', '01:46:00', '13:49:00'),
(41, '0000-00-00', '08:13:00', '15:53:00'),
(42, '0000-00-00', '08:22:00', '02:23:00'),
(43, '0000-00-00', '12:51:00', '10:44:00'),
(44, '0000-00-00', '08:52:00', '01:54:00'),
(45, '0000-00-00', '14:57:00', '00:41:00'),
(46, '0000-00-00', '23:08:00', '17:58:00'),
(47, '0000-00-00', '16:43:00', '09:17:00'),
(48, '0000-00-00', '04:23:00', '19:23:00'),
(49, '0000-00-00', '04:54:00', '18:02:00'),
(50, '0000-00-00', '02:27:00', '02:45:00'),
(51, '0000-00-00', '18:56:00', '14:30:00'),
(52, '0000-00-00', '06:48:00', '22:16:00'),
(53, '0000-00-00', '00:34:00', '17:20:00'),
(54, '0000-00-00', '15:10:00', '15:58:00'),
(55, '0000-00-00', '08:02:00', '23:15:00'),
(56, '0000-00-00', '16:08:00', '08:20:00'),
(57, '0000-00-00', '18:09:00', '03:14:00'),
(58, '0000-00-00', '16:28:00', '02:36:00'),
(59, '0000-00-00', '11:41:00', '22:07:00'),
(60, '0000-00-00', '12:23:00', '08:56:00'),
(61, '0000-00-00', '09:17:00', '10:49:00'),
(62, '0000-00-00', '23:01:00', '04:41:00'),
(63, '0000-00-00', '11:58:00', '08:56:00'),
(64, '0000-00-00', '16:04:00', '02:45:00'),
(65, '0000-00-00', '18:32:00', '21:12:00'),
(66, '0000-00-00', '23:27:00', '04:54:00'),
(67, '0000-00-00', '01:57:00', '15:45:00'),
(68, '0000-00-00', '15:41:00', '07:48:00'),
(69, '0000-00-00', '19:59:00', '11:35:00'),
(70, '0000-00-00', '02:19:00', '22:31:00'),
(71, '0000-00-00', '10:56:00', '22:08:00'),
(72, '0000-00-00', '01:15:00', '22:46:00'),
(73, '0000-00-00', '10:29:00', '03:45:00'),
(74, '0000-00-00', '15:15:00', '03:17:00'),
(75, '0000-00-00', '18:17:00', '08:25:00'),
(76, '0000-00-00', '11:42:00', '00:40:00'),
(77, '0000-00-00', '03:12:00', '00:26:00'),
(78, '0000-00-00', '08:29:00', '07:29:00'),
(79, '0000-00-00', '06:22:00', '03:34:00'),
(80, '0000-00-00', '17:33:00', '16:20:00'),
(81, '0000-00-00', '07:14:00', '10:56:00'),
(82, '0000-00-00', '17:12:00', '13:34:00'),
(83, '0000-00-00', '13:17:00', '12:02:00'),
(84, '0000-00-00', '04:09:00', '23:32:00'),
(85, '0000-00-00', '16:40:00', '04:02:00'),
(86, '0000-00-00', '08:22:00', '11:05:00'),
(87, '0000-00-00', '22:48:00', '12:25:00'),
(88, '0000-00-00', '02:39:00', '01:50:00'),
(89, '0000-00-00', '20:58:00', '19:58:00'),
(90, '0000-00-00', '20:51:00', '17:40:00'),
(91, '0000-00-00', '10:26:00', '13:38:00'),
(92, '0000-00-00', '08:37:00', '03:24:00'),
(93, '0000-00-00', '02:37:00', '06:30:00'),
(94, '0000-00-00', '00:10:00', '04:14:00'),
(95, '0000-00-00', '02:00:00', '07:18:00'),
(96, '0000-00-00', '05:13:00', '09:47:00'),
(97, '0000-00-00', '13:25:00', '12:37:00'),
(98, '0000-00-00', '07:53:00', '15:13:00'),
(99, '0000-00-00', '11:32:00', '15:41:00'),
(100, '0000-00-00', '16:02:00', '11:23:00'),
(101, '0000-00-00', '03:44:00', '09:11:00'),
(102, '0000-00-00', '20:57:00', '18:42:00'),
(103, '0000-00-00', '16:40:00', '06:22:00'),
(104, '0000-00-00', '19:32:00', '19:30:00'),
(105, '0000-00-00', '07:21:00', '16:10:00'),
(106, '0000-00-00', '22:08:00', '17:55:00'),
(107, '0000-00-00', '00:56:00', '19:58:00'),
(108, '0000-00-00', '14:50:00', '02:04:00'),
(109, '0000-00-00', '02:53:00', '15:17:00'),
(110, '0000-00-00', '04:14:00', '13:03:00'),
(111, '0000-00-00', '10:34:00', '07:52:00'),
(112, '0000-00-00', '03:58:00', '06:13:00'),
(113, '0000-00-00', '15:45:00', '14:55:00'),
(114, '0000-00-00', '11:40:00', '04:56:00'),
(115, '0000-00-00', '19:37:00', '14:22:00'),
(116, '0000-00-00', '02:41:00', '17:57:00'),
(117, '0000-00-00', '14:56:00', '17:22:00'),
(118, '0000-00-00', '04:02:00', '22:38:00'),
(119, '0000-00-00', '01:15:00', '12:42:00'),
(120, '0000-00-00', '05:36:00', '19:22:00'),
(121, '0000-00-00', '10:57:00', '02:33:00'),
(122, '0000-00-00', '05:38:00', '10:07:00'),
(123, '0000-00-00', '13:12:00', '11:10:00'),
(124, '0000-00-00', '06:12:00', '23:48:00'),
(125, '0000-00-00', '08:28:00', '09:56:00'),
(126, '0000-00-00', '09:34:00', '17:58:00'),
(127, '0000-00-00', '01:46:00', '00:30:00'),
(128, '0000-00-00', '14:25:00', '04:34:00'),
(129, '0000-00-00', '04:59:00', '12:58:00'),
(130, '0000-00-00', '02:36:00', '16:16:00'),
(131, '0000-00-00', '10:54:00', '11:12:00'),
(132, '0000-00-00', '10:34:00', '20:01:00'),
(133, '0000-00-00', '10:46:00', '16:14:00'),
(134, '0000-00-00', '00:13:00', '13:11:00'),
(135, '0000-00-00', '05:41:00', '16:49:00'),
(136, '0000-00-00', '17:22:00', '03:05:00'),
(137, '0000-00-00', '06:50:00', '03:04:00'),
(138, '0000-00-00', '04:42:00', '20:33:00'),
(139, '0000-00-00', '17:25:00', '10:10:00'),
(140, '0000-00-00', '00:29:00', '22:45:00'),
(141, '0000-00-00', '18:50:00', '18:34:00'),
(142, '0000-00-00', '14:18:00', '10:36:00'),
(143, '0000-00-00', '04:42:00', '07:36:00'),
(144, '0000-00-00', '02:57:00', '06:33:00'),
(145, '0000-00-00', '11:08:00', '18:58:00'),
(146, '0000-00-00', '03:17:00', '14:16:00'),
(147, '0000-00-00', '10:49:00', '00:23:00'),
(148, '0000-00-00', '18:07:00', '18:09:00'),
(149, '0000-00-00', '06:07:00', '00:38:00'),
(150, '0000-00-00', '16:03:00', '06:32:00'),
(151, '0000-00-00', '10:06:00', '15:13:00'),
(152, '0000-00-00', '20:20:00', '21:45:00'),
(153, '0000-00-00', '02:00:00', '18:03:00'),
(154, '0000-00-00', '05:29:00', '21:41:00'),
(155, '0000-00-00', '17:24:00', '00:52:00'),
(156, '0000-00-00', '22:35:00', '23:05:00'),
(157, '0000-00-00', '16:01:00', '08:54:00'),
(158, '0000-00-00', '16:37:00', '16:42:00'),
(159, '0000-00-00', '09:46:00', '03:36:00'),
(160, '0000-00-00', '15:12:00', '11:05:00'),
(161, '0000-00-00', '05:38:00', '08:53:00'),
(162, '0000-00-00', '02:54:00', '11:11:00'),
(163, '0000-00-00', '23:37:00', '20:20:00'),
(164, '0000-00-00', '16:07:00', '11:38:00'),
(165, '0000-00-00', '18:03:00', '16:48:00'),
(166, '0000-00-00', '02:12:00', '22:16:00'),
(167, '0000-00-00', '01:56:00', '15:15:00'),
(168, '0000-00-00', '10:30:00', '15:50:00'),
(169, '0000-00-00', '17:42:00', '12:42:00'),
(170, '0000-00-00', '06:44:00', '03:46:00'),
(171, '0000-00-00', '06:39:00', '00:19:00'),
(172, '0000-00-00', '14:44:00', '18:45:00'),
(173, '0000-00-00', '12:00:00', '00:03:00'),
(174, '0000-00-00', '13:12:00', '02:50:00'),
(175, '0000-00-00', '12:38:00', '11:23:00'),
(176, '0000-00-00', '10:12:00', '13:17:00'),
(177, '0000-00-00', '04:04:00', '08:22:00'),
(178, '0000-00-00', '13:29:00', '20:23:00'),
(179, '0000-00-00', '11:42:00', '00:22:00'),
(180, '0000-00-00', '22:16:00', '16:40:00'),
(181, '0000-00-00', '12:51:00', '09:13:00'),
(182, '0000-00-00', '11:51:00', '17:45:00'),
(183, '0000-00-00', '06:47:00', '02:54:00'),
(184, '0000-00-00', '11:15:00', '11:02:00'),
(185, '0000-00-00', '08:26:00', '03:12:00'),
(186, '0000-00-00', '18:58:00', '18:34:00'),
(187, '0000-00-00', '19:06:00', '18:37:00'),
(188, '0000-00-00', '15:05:00', '20:08:00'),
(189, '0000-00-00', '11:01:00', '09:00:00'),
(190, '0000-00-00', '04:35:00', '17:48:00'),
(191, '0000-00-00', '18:27:00', '12:15:00'),
(192, '0000-00-00', '12:50:00', '04:46:00'),
(193, '0000-00-00', '19:03:00', '20:56:00'),
(194, '0000-00-00', '17:05:00', '21:26:00'),
(195, '0000-00-00', '06:45:00', '04:57:00'),
(196, '0000-00-00', '22:24:00', '23:34:00'),
(197, '0000-00-00', '07:07:00', '10:06:00'),
(198, '0000-00-00', '23:06:00', '11:14:00'),
(199, '0000-00-00', '14:21:00', '09:24:00'),
(200, '0000-00-00', '09:43:00', '23:26:00'),
(201, '0000-00-00', '23:24:00', '20:37:00'),
(202, '0000-00-00', '07:35:00', '14:55:00'),
(203, '0000-00-00', '17:06:00', '17:57:00'),
(204, '0000-00-00', '17:06:00', '16:52:00'),
(205, '0000-00-00', '01:45:00', '12:51:00'),
(206, '0000-00-00', '00:23:00', '01:34:00'),
(207, '0000-00-00', '22:53:00', '04:16:00'),
(208, '0000-00-00', '04:18:00', '22:49:00'),
(209, '0000-00-00', '05:05:00', '03:28:00'),
(210, '0000-00-00', '16:15:00', '05:26:00'),
(211, '0000-00-00', '13:00:00', '07:04:00'),
(212, '0000-00-00', '22:20:00', '17:54:00'),
(213, '0000-00-00', '11:21:00', '22:05:00'),
(214, '0000-00-00', '14:09:00', '13:59:00'),
(215, '0000-00-00', '08:55:00', '16:08:00'),
(216, '0000-00-00', '10:33:00', '21:17:00'),
(217, '0000-00-00', '23:08:00', '00:46:00'),
(218, '0000-00-00', '18:39:00', '09:44:00'),
(219, '0000-00-00', '20:43:00', '03:57:00'),
(220, '0000-00-00', '18:14:00', '23:24:00'),
(221, '0000-00-00', '20:48:00', '14:24:00'),
(222, '0000-00-00', '02:56:00', '16:55:00'),
(223, '0000-00-00', '17:36:00', '18:53:00'),
(224, '0000-00-00', '21:11:00', '21:11:00'),
(225, '0000-00-00', '10:31:00', '09:14:00'),
(226, '0000-00-00', '20:52:00', '00:12:00'),
(227, '0000-00-00', '11:17:00', '22:52:00'),
(228, '0000-00-00', '02:23:00', '22:43:00'),
(229, '0000-00-00', '21:34:00', '01:02:00'),
(230, '0000-00-00', '08:21:00', '04:07:00'),
(231, '0000-00-00', '21:49:00', '20:39:00'),
(232, '0000-00-00', '20:39:00', '00:09:00'),
(233, '0000-00-00', '13:33:00', '04:43:00'),
(234, '0000-00-00', '22:33:00', '12:16:00'),
(235, '0000-00-00', '01:52:00', '12:17:00'),
(236, '0000-00-00', '07:05:00', '03:44:00'),
(237, '0000-00-00', '15:30:00', '09:00:00'),
(238, '0000-00-00', '13:37:00', '17:57:00'),
(239, '0000-00-00', '05:59:00', '02:28:00'),
(240, '0000-00-00', '11:24:00', '14:33:00'),
(241, '0000-00-00', '09:23:00', '18:05:00'),
(242, '0000-00-00', '20:14:00', '16:49:00'),
(243, '0000-00-00', '14:30:00', '02:06:00'),
(244, '0000-00-00', '20:17:00', '04:03:00'),
(245, '0000-00-00', '09:32:00', '03:24:00'),
(246, '0000-00-00', '08:07:00', '00:28:00'),
(247, '0000-00-00', '17:37:00', '14:22:00'),
(248, '0000-00-00', '00:20:00', '01:02:00'),
(249, '0000-00-00', '10:46:00', '17:38:00'),
(250, '0000-00-00', '17:09:00', '10:14:00'),
(251, '0000-00-00', '15:02:00', '07:52:00'),
(252, '0000-00-00', '18:20:00', '05:30:00'),
(253, '0000-00-00', '09:19:00', '20:18:00'),
(254, '0000-00-00', '21:30:00', '13:59:00'),
(255, '0000-00-00', '21:39:00', '07:49:00'),
(256, '0000-00-00', '11:46:00', '14:43:00'),
(257, '0000-00-00', '15:02:00', '08:58:00'),
(258, '0000-00-00', '12:28:00', '17:35:00'),
(259, '0000-00-00', '13:28:00', '08:06:00'),
(260, '0000-00-00', '17:09:00', '15:03:00'),
(261, '0000-00-00', '12:09:00', '20:22:00'),
(262, '0000-00-00', '21:34:00', '19:26:00'),
(263, '0000-00-00', '03:00:00', '21:07:00'),
(264, '0000-00-00', '13:30:00', '03:59:00'),
(265, '0000-00-00', '09:53:00', '08:53:00'),
(266, '0000-00-00', '15:41:00', '21:52:00'),
(267, '0000-00-00', '19:54:00', '20:59:00'),
(268, '0000-00-00', '06:19:00', '12:45:00'),
(269, '0000-00-00', '13:10:00', '20:55:00'),
(270, '0000-00-00', '11:34:00', '03:22:00'),
(271, '0000-00-00', '23:19:00', '19:49:00'),
(272, '0000-00-00', '02:32:00', '06:10:00'),
(273, '0000-00-00', '09:10:00', '17:32:00'),
(274, '0000-00-00', '12:37:00', '08:18:00'),
(275, '0000-00-00', '03:50:00', '11:25:00'),
(276, '0000-00-00', '12:22:00', '21:49:00'),
(277, '0000-00-00', '00:53:00', '22:57:00'),
(278, '0000-00-00', '07:55:00', '15:29:00'),
(279, '0000-00-00', '13:25:00', '20:16:00'),
(280, '0000-00-00', '04:47:00', '13:56:00'),
(281, '0000-00-00', '06:45:00', '12:38:00'),
(282, '0000-00-00', '02:42:00', '04:38:00'),
(283, '0000-00-00', '00:05:00', '18:53:00'),
(284, '0000-00-00', '04:29:00', '16:01:00'),
(285, '0000-00-00', '17:51:00', '17:33:00'),
(286, '0000-00-00', '21:02:00', '22:07:00'),
(287, '0000-00-00', '22:53:00', '19:01:00'),
(288, '0000-00-00', '03:12:00', '13:05:00'),
(289, '0000-00-00', '20:40:00', '12:28:00'),
(290, '0000-00-00', '12:39:00', '08:37:00'),
(291, '0000-00-00', '05:43:00', '01:24:00'),
(292, '0000-00-00', '17:15:00', '15:33:00'),
(293, '0000-00-00', '11:34:00', '18:59:00'),
(294, '0000-00-00', '08:02:00', '03:20:00'),
(295, '0000-00-00', '17:09:00', '14:18:00'),
(296, '0000-00-00', '17:30:00', '04:05:00'),
(297, '0000-00-00', '13:15:00', '21:34:00'),
(298, '0000-00-00', '17:24:00', '15:41:00'),
(299, '0000-00-00', '05:24:00', '19:29:00'),
(300, '0000-00-00', '05:12:00', '16:42:00'),
(301, '0000-00-00', '10:13:00', '16:40:00'),
(302, '0000-00-00', '17:34:00', '09:02:00'),
(303, '0000-00-00', '13:26:00', '02:30:00'),
(304, '0000-00-00', '22:27:00', '20:26:00'),
(305, '0000-00-00', '18:17:00', '01:37:00'),
(306, '0000-00-00', '03:36:00', '12:14:00'),
(307, '0000-00-00', '09:07:00', '20:34:00'),
(308, '0000-00-00', '18:50:00', '01:44:00'),
(309, '0000-00-00', '16:23:00', '05:06:00'),
(310, '0000-00-00', '22:47:00', '16:44:00'),
(311, '0000-00-00', '06:52:00', '22:45:00'),
(312, '0000-00-00', '04:03:00', '16:04:00'),
(313, '0000-00-00', '22:11:00', '09:15:00'),
(314, '0000-00-00', '19:41:00', '13:46:00'),
(315, '0000-00-00', '17:16:00', '04:04:00'),
(316, '0000-00-00', '09:21:00', '09:30:00'),
(317, '0000-00-00', '15:27:00', '21:55:00'),
(318, '0000-00-00', '03:08:00', '17:02:00'),
(319, '0000-00-00', '09:19:00', '18:36:00'),
(320, '0000-00-00', '06:11:00', '09:05:00'),
(321, '0000-00-00', '20:58:00', '19:00:00'),
(322, '0000-00-00', '03:48:00', '11:50:00'),
(323, '0000-00-00', '22:02:00', '04:47:00'),
(324, '0000-00-00', '04:48:00', '06:13:00'),
(325, '0000-00-00', '18:07:00', '13:13:00'),
(326, '0000-00-00', '15:42:00', '22:16:00'),
(327, '0000-00-00', '08:06:00', '13:57:00'),
(328, '0000-00-00', '06:42:00', '12:14:00'),
(329, '0000-00-00', '00:00:00', '00:18:00'),
(330, '0000-00-00', '23:57:00', '19:17:00'),
(331, '0000-00-00', '23:31:00', '09:37:00'),
(332, '0000-00-00', '16:00:00', '03:52:00'),
(333, '0000-00-00', '02:11:00', '10:44:00'),
(334, '0000-00-00', '21:52:00', '09:09:00'),
(335, '0000-00-00', '11:45:00', '12:10:00'),
(336, '0000-00-00', '22:58:00', '23:58:00'),
(337, '0000-00-00', '22:06:00', '03:09:00'),
(338, '0000-00-00', '17:43:00', '15:31:00'),
(339, '0000-00-00', '23:40:00', '20:32:00'),
(340, '0000-00-00', '02:44:00', '00:25:00'),
(341, '0000-00-00', '03:25:00', '18:20:00'),
(342, '0000-00-00', '09:58:00', '11:09:00'),
(343, '0000-00-00', '18:08:00', '06:14:00'),
(344, '0000-00-00', '10:14:00', '05:14:00'),
(345, '0000-00-00', '23:15:00', '02:27:00'),
(346, '0000-00-00', '00:25:00', '06:35:00'),
(347, '0000-00-00', '16:21:00', '15:13:00'),
(348, '0000-00-00', '22:55:00', '10:16:00'),
(349, '0000-00-00', '13:38:00', '19:24:00'),
(350, '0000-00-00', '17:20:00', '15:23:00'),
(351, '0000-00-00', '01:26:00', '02:41:00'),
(352, '0000-00-00', '07:46:00', '07:22:00'),
(353, '0000-00-00', '14:41:00', '14:13:00'),
(354, '0000-00-00', '08:51:00', '03:48:00'),
(355, '0000-00-00', '04:14:00', '05:21:00'),
(356, '0000-00-00', '09:44:00', '20:40:00'),
(357, '0000-00-00', '10:29:00', '17:45:00'),
(358, '0000-00-00', '11:58:00', '06:51:00'),
(359, '0000-00-00', '10:25:00', '16:12:00'),
(360, '0000-00-00', '15:16:00', '07:20:00'),
(361, '0000-00-00', '09:09:00', '00:15:00'),
(362, '0000-00-00', '07:33:00', '21:37:00'),
(363, '0000-00-00', '19:03:00', '16:14:00'),
(364, '0000-00-00', '05:06:00', '10:32:00'),
(365, '0000-00-00', '17:20:00', '04:22:00'),
(366, '0000-00-00', '17:01:00', '11:32:00'),
(367, '0000-00-00', '11:46:00', '16:25:00'),
(368, '0000-00-00', '15:15:00', '22:28:00'),
(369, '0000-00-00', '06:45:00', '09:03:00'),
(370, '0000-00-00', '17:34:00', '14:48:00'),
(371, '0000-00-00', '00:19:00', '09:08:00'),
(372, '0000-00-00', '17:29:00', '03:19:00'),
(373, '0000-00-00', '22:16:00', '11:39:00'),
(374, '0000-00-00', '14:52:00', '00:42:00'),
(375, '0000-00-00', '23:58:00', '17:11:00'),
(376, '0000-00-00', '00:10:00', '02:21:00'),
(377, '0000-00-00', '20:58:00', '06:15:00'),
(378, '0000-00-00', '12:03:00', '12:42:00'),
(379, '0000-00-00', '15:08:00', '17:20:00'),
(380, '0000-00-00', '21:21:00', '17:12:00'),
(381, '0000-00-00', '08:27:00', '18:25:00'),
(382, '0000-00-00', '00:01:00', '11:24:00'),
(383, '0000-00-00', '03:24:00', '19:14:00'),
(384, '0000-00-00', '10:37:00', '16:54:00'),
(385, '0000-00-00', '04:02:00', '16:07:00'),
(386, '0000-00-00', '20:38:00', '01:06:00'),
(387, '0000-00-00', '11:51:00', '14:40:00'),
(388, '0000-00-00', '12:10:00', '21:20:00'),
(389, '0000-00-00', '21:11:00', '00:42:00'),
(390, '0000-00-00', '05:02:00', '06:16:00'),
(391, '0000-00-00', '11:45:00', '12:50:00'),
(392, '0000-00-00', '21:20:00', '22:02:00'),
(393, '0000-00-00', '03:58:00', '21:15:00'),
(394, '0000-00-00', '17:48:00', '15:58:00'),
(395, '0000-00-00', '11:44:00', '20:55:00'),
(396, '0000-00-00', '22:59:00', '05:10:00'),
(397, '0000-00-00', '09:18:00', '18:05:00'),
(398, '0000-00-00', '00:20:00', '04:50:00'),
(399, '0000-00-00', '05:30:00', '21:14:00'),
(400, '0000-00-00', '22:59:00', '23:05:00'),
(401, '0000-00-00', '06:07:00', '23:37:00'),
(402, '0000-00-00', '04:01:00', '02:55:00'),
(403, '0000-00-00', '13:26:00', '17:53:00'),
(404, '0000-00-00', '09:19:00', '00:15:00'),
(405, '0000-00-00', '23:35:00', '15:07:00'),
(406, '0000-00-00', '05:48:00', '16:57:00'),
(407, '0000-00-00', '17:15:00', '01:14:00'),
(408, '0000-00-00', '15:10:00', '06:06:00'),
(409, '0000-00-00', '20:34:00', '22:17:00'),
(410, '0000-00-00', '14:36:00', '08:26:00'),
(411, '0000-00-00', '02:14:00', '21:42:00'),
(412, '0000-00-00', '01:37:00', '06:03:00'),
(413, '0000-00-00', '02:49:00', '10:22:00'),
(414, '0000-00-00', '09:04:00', '22:12:00'),
(415, '0000-00-00', '09:06:00', '00:54:00'),
(416, '0000-00-00', '23:56:00', '19:24:00'),
(417, '0000-00-00', '20:40:00', '06:03:00'),
(418, '0000-00-00', '12:29:00', '11:29:00'),
(419, '0000-00-00', '01:21:00', '18:50:00'),
(420, '0000-00-00', '04:22:00', '15:56:00'),
(421, '0000-00-00', '05:23:00', '21:55:00'),
(422, '0000-00-00', '15:55:00', '14:42:00'),
(423, '0000-00-00', '14:56:00', '22:58:00'),
(424, '0000-00-00', '15:52:00', '04:09:00'),
(425, '0000-00-00', '07:30:00', '13:56:00'),
(426, '0000-00-00', '07:06:00', '05:03:00'),
(427, '0000-00-00', '01:45:00', '20:11:00'),
(428, '0000-00-00', '14:49:00', '10:20:00'),
(429, '0000-00-00', '14:45:00', '21:15:00'),
(430, '0000-00-00', '08:41:00', '23:06:00'),
(431, '0000-00-00', '02:43:00', '15:45:00'),
(432, '0000-00-00', '15:36:00', '10:40:00'),
(433, '0000-00-00', '20:54:00', '04:45:00'),
(434, '0000-00-00', '01:54:00', '21:27:00'),
(435, '0000-00-00', '07:48:00', '10:30:00'),
(436, '0000-00-00', '21:47:00', '02:12:00'),
(437, '0000-00-00', '03:20:00', '11:31:00'),
(438, '0000-00-00', '10:53:00', '00:40:00'),
(439, '0000-00-00', '12:51:00', '14:17:00'),
(440, '0000-00-00', '21:48:00', '12:47:00'),
(441, '0000-00-00', '20:23:00', '14:22:00'),
(442, '0000-00-00', '13:06:00', '12:40:00'),
(443, '0000-00-00', '17:51:00', '19:46:00'),
(444, '0000-00-00', '22:57:00', '05:10:00'),
(445, '0000-00-00', '12:29:00', '20:36:00'),
(446, '0000-00-00', '21:42:00', '23:36:00'),
(447, '0000-00-00', '14:18:00', '14:26:00'),
(448, '0000-00-00', '22:50:00', '01:49:00'),
(449, '0000-00-00', '02:50:00', '09:27:00'),
(450, '0000-00-00', '00:41:00', '22:28:00'),
(451, '0000-00-00', '02:43:00', '20:06:00'),
(452, '0000-00-00', '00:56:00', '12:48:00'),
(453, '0000-00-00', '16:23:00', '22:42:00'),
(454, '0000-00-00', '18:43:00', '00:10:00'),
(455, '0000-00-00', '09:58:00', '09:26:00'),
(456, '0000-00-00', '13:24:00', '08:32:00'),
(457, '0000-00-00', '03:59:00', '16:53:00'),
(458, '0000-00-00', '11:13:00', '16:05:00'),
(459, '0000-00-00', '09:53:00', '14:18:00'),
(460, '0000-00-00', '06:56:00', '19:30:00'),
(461, '0000-00-00', '08:21:00', '09:06:00'),
(462, '0000-00-00', '09:01:00', '18:31:00'),
(463, '0000-00-00', '07:09:00', '00:59:00'),
(464, '0000-00-00', '14:58:00', '11:06:00'),
(465, '0000-00-00', '06:38:00', '12:53:00'),
(466, '0000-00-00', '08:42:00', '18:53:00'),
(467, '0000-00-00', '16:35:00', '05:21:00'),
(468, '0000-00-00', '18:31:00', '21:21:00'),
(469, '0000-00-00', '10:55:00', '22:18:00'),
(470, '0000-00-00', '23:03:00', '14:53:00'),
(471, '0000-00-00', '16:11:00', '15:42:00'),
(472, '0000-00-00', '18:22:00', '02:39:00'),
(473, '0000-00-00', '19:40:00', '19:56:00'),
(474, '0000-00-00', '07:53:00', '09:44:00'),
(475, '0000-00-00', '15:16:00', '13:30:00'),
(476, '0000-00-00', '05:05:00', '17:44:00'),
(477, '0000-00-00', '16:06:00', '13:55:00'),
(478, '0000-00-00', '02:41:00', '13:16:00'),
(479, '0000-00-00', '23:55:00', '13:01:00'),
(480, '0000-00-00', '15:22:00', '20:37:00'),
(481, '0000-00-00', '09:35:00', '10:38:00'),
(482, '0000-00-00', '15:36:00', '22:28:00'),
(483, '0000-00-00', '14:33:00', '17:40:00'),
(484, '0000-00-00', '18:30:00', '00:45:00'),
(485, '0000-00-00', '12:11:00', '04:42:00'),
(486, '0000-00-00', '03:04:00', '22:38:00'),
(487, '0000-00-00', '00:08:00', '03:46:00'),
(488, '0000-00-00', '00:32:00', '17:46:00'),
(489, '0000-00-00', '05:03:00', '21:01:00'),
(490, '0000-00-00', '05:07:00', '08:43:00'),
(491, '0000-00-00', '08:55:00', '20:10:00'),
(492, '0000-00-00', '11:55:00', '00:45:00'),
(493, '0000-00-00', '23:28:00', '07:24:00'),
(494, '0000-00-00', '21:53:00', '00:49:00'),
(495, '0000-00-00', '11:58:00', '12:19:00'),
(496, '0000-00-00', '11:47:00', '17:45:00'),
(497, '0000-00-00', '13:29:00', '15:55:00'),
(498, '0000-00-00', '01:04:00', '08:24:00'),
(499, '0000-00-00', '05:12:00', '16:46:00'),
(500, '0000-00-00', '21:46:00', '10:38:00'),
(501, '0000-00-00', '13:15:00', '00:29:00'),
(502, '0000-00-00', '07:52:00', '19:38:00'),
(503, '0000-00-00', '09:51:00', '02:11:00'),
(504, '0000-00-00', '05:33:00', '03:26:00'),
(505, '0000-00-00', '22:47:00', '12:08:00'),
(506, '0000-00-00', '09:11:00', '04:28:00'),
(507, '0000-00-00', '09:33:00', '20:36:00'),
(508, '0000-00-00', '03:01:00', '07:59:00'),
(509, '0000-00-00', '15:30:00', '05:27:00'),
(510, '0000-00-00', '10:07:00', '07:24:00'),
(511, '0000-00-00', '14:46:00', '15:40:00'),
(512, '0000-00-00', '02:28:00', '17:11:00'),
(513, '0000-00-00', '23:07:00', '17:11:00'),
(514, '0000-00-00', '22:05:00', '02:33:00'),
(515, '0000-00-00', '03:16:00', '17:49:00'),
(516, '0000-00-00', '17:17:00', '17:29:00'),
(517, '0000-00-00', '06:49:00', '14:49:00'),
(518, '0000-00-00', '17:34:00', '16:21:00'),
(519, '0000-00-00', '13:35:00', '15:55:00'),
(520, '0000-00-00', '22:54:00', '12:41:00'),
(521, '0000-00-00', '07:21:00', '03:13:00'),
(522, '0000-00-00', '05:18:00', '06:54:00'),
(523, '0000-00-00', '21:52:00', '23:39:00'),
(524, '0000-00-00', '11:43:00', '13:34:00'),
(525, '0000-00-00', '22:45:00', '04:30:00'),
(526, '0000-00-00', '14:28:00', '12:16:00'),
(527, '0000-00-00', '15:57:00', '08:53:00'),
(528, '0000-00-00', '13:50:00', '22:09:00'),
(529, '0000-00-00', '05:47:00', '11:47:00'),
(530, '0000-00-00', '17:07:00', '11:20:00'),
(531, '0000-00-00', '05:11:00', '03:52:00'),
(532, '0000-00-00', '18:32:00', '18:06:00'),
(533, '0000-00-00', '21:00:00', '11:59:00'),
(534, '0000-00-00', '22:45:00', '01:33:00'),
(535, '0000-00-00', '19:15:00', '17:32:00'),
(536, '0000-00-00', '17:56:00', '11:55:00'),
(537, '0000-00-00', '14:56:00', '22:25:00'),
(538, '0000-00-00', '09:40:00', '20:46:00'),
(539, '0000-00-00', '05:03:00', '09:29:00'),
(540, '0000-00-00', '16:42:00', '00:23:00'),
(541, '0000-00-00', '11:30:00', '11:25:00'),
(542, '0000-00-00', '16:01:00', '10:36:00'),
(543, '0000-00-00', '22:00:00', '18:36:00'),
(544, '0000-00-00', '05:33:00', '13:28:00'),
(545, '0000-00-00', '00:48:00', '15:45:00'),
(546, '0000-00-00', '01:44:00', '19:12:00'),
(547, '0000-00-00', '16:51:00', '05:35:00'),
(548, '0000-00-00', '01:09:00', '05:06:00'),
(549, '0000-00-00', '04:55:00', '11:14:00'),
(550, '0000-00-00', '00:27:00', '18:26:00'),
(551, '0000-00-00', '01:41:00', '22:32:00'),
(552, '0000-00-00', '05:54:00', '09:49:00'),
(553, '0000-00-00', '00:40:00', '08:27:00'),
(554, '0000-00-00', '05:08:00', '02:25:00'),
(555, '0000-00-00', '14:05:00', '00:55:00'),
(556, '0000-00-00', '13:05:00', '02:24:00'),
(557, '0000-00-00', '23:32:00', '14:19:00'),
(558, '0000-00-00', '16:16:00', '21:48:00'),
(559, '0000-00-00', '04:43:00', '01:00:00'),
(560, '0000-00-00', '07:07:00', '07:50:00'),
(561, '0000-00-00', '23:46:00', '01:24:00'),
(562, '0000-00-00', '07:16:00', '22:52:00'),
(563, '0000-00-00', '12:32:00', '10:42:00'),
(564, '0000-00-00', '20:46:00', '08:22:00'),
(565, '0000-00-00', '00:03:00', '21:21:00'),
(566, '0000-00-00', '20:26:00', '03:04:00'),
(567, '0000-00-00', '03:11:00', '21:54:00'),
(568, '0000-00-00', '17:08:00', '04:48:00'),
(569, '0000-00-00', '23:30:00', '06:55:00'),
(570, '0000-00-00', '13:15:00', '05:25:00'),
(571, '0000-00-00', '13:05:00', '03:54:00'),
(572, '0000-00-00', '00:27:00', '12:31:00'),
(573, '0000-00-00', '10:14:00', '08:36:00'),
(574, '0000-00-00', '10:31:00', '23:47:00'),
(575, '0000-00-00', '06:00:00', '19:52:00'),
(576, '0000-00-00', '21:59:00', '13:12:00'),
(577, '0000-00-00', '03:24:00', '17:12:00'),
(578, '0000-00-00', '10:23:00', '02:46:00'),
(579, '0000-00-00', '09:05:00', '05:07:00'),
(580, '0000-00-00', '00:21:00', '07:15:00'),
(581, '0000-00-00', '14:28:00', '10:16:00'),
(582, '0000-00-00', '20:38:00', '16:04:00'),
(583, '0000-00-00', '12:05:00', '07:13:00'),
(584, '0000-00-00', '16:37:00', '08:47:00'),
(585, '0000-00-00', '14:29:00', '08:02:00'),
(586, '0000-00-00', '16:48:00', '08:21:00'),
(587, '0000-00-00', '05:12:00', '07:39:00'),
(588, '0000-00-00', '16:14:00', '21:09:00'),
(589, '0000-00-00', '07:37:00', '14:37:00'),
(590, '0000-00-00', '22:24:00', '04:01:00'),
(591, '0000-00-00', '16:08:00', '14:09:00'),
(592, '0000-00-00', '01:19:00', '23:26:00'),
(593, '0000-00-00', '13:10:00', '04:57:00'),
(594, '0000-00-00', '08:12:00', '12:06:00'),
(595, '0000-00-00', '01:24:00', '10:39:00'),
(596, '0000-00-00', '09:57:00', '09:51:00'),
(597, '0000-00-00', '19:31:00', '01:46:00'),
(598, '0000-00-00', '21:38:00', '11:44:00'),
(599, '0000-00-00', '12:26:00', '22:48:00'),
(600, '0000-00-00', '11:48:00', '16:39:00'),
(601, '0000-00-00', '06:12:00', '16:53:00'),
(602, '0000-00-00', '16:25:00', '04:17:00'),
(603, '0000-00-00', '07:22:00', '18:21:00'),
(604, '0000-00-00', '01:39:00', '21:39:00'),
(605, '0000-00-00', '21:14:00', '05:00:00'),
(606, '0000-00-00', '21:44:00', '02:34:00'),
(607, '0000-00-00', '02:41:00', '01:01:00'),
(608, '0000-00-00', '10:11:00', '17:08:00'),
(609, '0000-00-00', '00:00:00', '11:06:00'),
(610, '0000-00-00', '07:09:00', '23:32:00'),
(611, '0000-00-00', '15:09:00', '11:17:00'),
(612, '0000-00-00', '22:43:00', '08:42:00'),
(613, '0000-00-00', '13:25:00', '17:49:00'),
(614, '0000-00-00', '15:26:00', '12:53:00'),
(615, '0000-00-00', '01:50:00', '16:27:00'),
(616, '0000-00-00', '04:34:00', '09:31:00'),
(617, '0000-00-00', '09:40:00', '00:08:00'),
(618, '0000-00-00', '14:31:00', '10:31:00'),
(619, '0000-00-00', '16:17:00', '09:27:00'),
(620, '0000-00-00', '20:16:00', '07:22:00'),
(621, '0000-00-00', '08:49:00', '16:34:00'),
(622, '0000-00-00', '10:03:00', '08:07:00'),
(623, '0000-00-00', '23:55:00', '11:54:00'),
(624, '0000-00-00', '10:00:00', '17:57:00'),
(625, '0000-00-00', '23:15:00', '07:06:00'),
(626, '0000-00-00', '00:13:00', '02:12:00'),
(627, '0000-00-00', '18:21:00', '14:37:00'),
(628, '0000-00-00', '06:35:00', '06:51:00'),
(629, '0000-00-00', '13:01:00', '02:15:00'),
(630, '0000-00-00', '15:30:00', '03:10:00'),
(631, '0000-00-00', '09:41:00', '07:02:00'),
(632, '0000-00-00', '00:27:00', '14:33:00'),
(633, '0000-00-00', '04:27:00', '11:58:00'),
(634, '0000-00-00', '16:33:00', '11:35:00'),
(635, '0000-00-00', '22:32:00', '08:27:00'),
(636, '0000-00-00', '06:43:00', '02:42:00'),
(637, '0000-00-00', '15:48:00', '10:23:00'),
(638, '0000-00-00', '05:47:00', '06:11:00'),
(639, '0000-00-00', '09:18:00', '18:32:00'),
(640, '0000-00-00', '12:03:00', '03:27:00'),
(641, '0000-00-00', '00:47:00', '07:42:00'),
(642, '0000-00-00', '06:56:00', '18:32:00'),
(643, '0000-00-00', '05:44:00', '03:38:00'),
(644, '0000-00-00', '17:28:00', '02:00:00'),
(645, '0000-00-00', '04:15:00', '11:57:00'),
(646, '0000-00-00', '00:56:00', '18:25:00'),
(647, '0000-00-00', '23:32:00', '07:00:00'),
(648, '0000-00-00', '08:49:00', '00:24:00'),
(649, '0000-00-00', '13:34:00', '20:40:00'),
(650, '0000-00-00', '13:51:00', '08:14:00'),
(651, '0000-00-00', '02:41:00', '11:01:00'),
(652, '0000-00-00', '07:07:00', '06:27:00'),
(653, '0000-00-00', '12:10:00', '13:51:00'),
(654, '0000-00-00', '22:34:00', '12:33:00'),
(655, '0000-00-00', '10:45:00', '06:25:00'),
(656, '0000-00-00', '06:07:00', '14:51:00'),
(657, '0000-00-00', '07:58:00', '14:32:00'),
(658, '0000-00-00', '21:15:00', '06:29:00'),
(659, '0000-00-00', '00:41:00', '10:53:00'),
(660, '0000-00-00', '15:05:00', '21:01:00'),
(661, '0000-00-00', '21:22:00', '11:54:00'),
(662, '0000-00-00', '02:30:00', '22:14:00'),
(663, '0000-00-00', '17:06:00', '06:14:00'),
(664, '0000-00-00', '12:54:00', '16:30:00'),
(665, '0000-00-00', '14:40:00', '14:09:00'),
(666, '0000-00-00', '10:41:00', '14:49:00'),
(667, '0000-00-00', '14:45:00', '03:29:00'),
(668, '0000-00-00', '10:30:00', '11:49:00'),
(669, '0000-00-00', '16:22:00', '14:01:00'),
(670, '0000-00-00', '06:16:00', '18:45:00'),
(671, '0000-00-00', '05:19:00', '11:44:00'),
(672, '0000-00-00', '21:45:00', '02:04:00'),
(673, '0000-00-00', '10:07:00', '08:22:00'),
(674, '0000-00-00', '21:50:00', '04:41:00'),
(675, '0000-00-00', '17:04:00', '10:59:00'),
(676, '0000-00-00', '04:39:00', '00:06:00'),
(677, '0000-00-00', '18:24:00', '14:21:00'),
(678, '0000-00-00', '11:44:00', '18:57:00'),
(679, '0000-00-00', '17:11:00', '02:29:00'),
(680, '0000-00-00', '20:05:00', '03:21:00'),
(681, '0000-00-00', '08:39:00', '14:49:00'),
(682, '0000-00-00', '20:03:00', '10:50:00'),
(683, '0000-00-00', '23:47:00', '14:44:00'),
(684, '0000-00-00', '10:25:00', '06:12:00'),
(685, '0000-00-00', '23:29:00', '11:20:00'),
(686, '0000-00-00', '11:27:00', '01:06:00'),
(687, '0000-00-00', '12:17:00', '07:56:00'),
(688, '0000-00-00', '10:36:00', '10:11:00'),
(689, '0000-00-00', '23:47:00', '04:31:00'),
(690, '0000-00-00', '21:07:00', '22:11:00'),
(691, '0000-00-00', '22:52:00', '10:24:00'),
(692, '0000-00-00', '17:07:00', '03:25:00'),
(693, '0000-00-00', '13:15:00', '19:11:00'),
(694, '0000-00-00', '00:06:00', '17:46:00'),
(695, '0000-00-00', '11:21:00', '19:16:00'),
(696, '0000-00-00', '17:40:00', '22:44:00'),
(697, '0000-00-00', '12:02:00', '18:24:00'),
(698, '0000-00-00', '19:00:00', '14:18:00'),
(699, '0000-00-00', '22:05:00', '08:52:00'),
(700, '0000-00-00', '02:16:00', '13:18:00'),
(701, '0000-00-00', '06:40:00', '12:13:00'),
(702, '0000-00-00', '05:21:00', '14:39:00'),
(703, '0000-00-00', '18:26:00', '04:18:00'),
(704, '0000-00-00', '20:31:00', '18:38:00'),
(705, '0000-00-00', '13:01:00', '11:17:00'),
(706, '0000-00-00', '00:59:00', '07:57:00'),
(707, '0000-00-00', '22:11:00', '16:34:00'),
(708, '0000-00-00', '02:01:00', '23:15:00'),
(709, '0000-00-00', '11:50:00', '12:00:00'),
(710, '0000-00-00', '19:26:00', '22:53:00'),
(711, '0000-00-00', '06:46:00', '03:46:00'),
(712, '0000-00-00', '23:23:00', '08:45:00'),
(713, '0000-00-00', '22:18:00', '00:54:00'),
(714, '0000-00-00', '14:44:00', '23:39:00'),
(715, '0000-00-00', '09:30:00', '20:45:00'),
(716, '0000-00-00', '07:03:00', '12:59:00'),
(717, '0000-00-00', '12:58:00', '19:06:00'),
(718, '0000-00-00', '15:02:00', '16:57:00'),
(719, '0000-00-00', '14:11:00', '08:17:00'),
(720, '0000-00-00', '23:48:00', '12:00:00'),
(721, '0000-00-00', '18:13:00', '18:12:00'),
(722, '0000-00-00', '14:26:00', '04:28:00'),
(723, '0000-00-00', '18:08:00', '04:13:00'),
(724, '0000-00-00', '16:54:00', '02:49:00'),
(725, '0000-00-00', '09:42:00', '21:04:00'),
(726, '0000-00-00', '18:13:00', '07:15:00'),
(727, '0000-00-00', '16:52:00', '18:53:00'),
(728, '0000-00-00', '03:25:00', '18:32:00'),
(729, '0000-00-00', '00:14:00', '20:33:00'),
(730, '0000-00-00', '21:22:00', '16:49:00'),
(731, '0000-00-00', '00:28:00', '02:54:00'),
(732, '0000-00-00', '05:37:00', '00:11:00'),
(733, '0000-00-00', '20:40:00', '14:19:00'),
(734, '0000-00-00', '13:45:00', '18:11:00'),
(735, '0000-00-00', '07:58:00', '19:30:00'),
(736, '0000-00-00', '15:13:00', '13:47:00'),
(737, '0000-00-00', '14:44:00', '23:23:00'),
(738, '0000-00-00', '18:50:00', '00:30:00'),
(739, '0000-00-00', '08:05:00', '11:36:00'),
(740, '0000-00-00', '09:28:00', '08:00:00'),
(741, '0000-00-00', '11:45:00', '19:35:00'),
(742, '0000-00-00', '23:19:00', '16:03:00'),
(743, '0000-00-00', '13:00:00', '01:57:00'),
(744, '0000-00-00', '23:26:00', '05:13:00'),
(745, '0000-00-00', '04:09:00', '19:37:00'),
(746, '0000-00-00', '23:29:00', '09:01:00'),
(747, '0000-00-00', '03:27:00', '21:19:00'),
(748, '0000-00-00', '00:04:00', '13:55:00'),
(749, '0000-00-00', '11:23:00', '09:41:00'),
(750, '0000-00-00', '07:52:00', '12:34:00'),
(751, '0000-00-00', '19:39:00', '03:59:00'),
(752, '0000-00-00', '00:03:00', '22:29:00'),
(753, '0000-00-00', '17:39:00', '23:22:00'),
(754, '0000-00-00', '04:46:00', '05:23:00'),
(755, '0000-00-00', '15:05:00', '08:06:00'),
(756, '0000-00-00', '23:17:00', '00:39:00'),
(757, '0000-00-00', '01:16:00', '14:38:00'),
(758, '0000-00-00', '10:56:00', '21:30:00'),
(759, '0000-00-00', '08:57:00', '19:39:00'),
(760, '0000-00-00', '01:00:00', '01:52:00'),
(761, '0000-00-00', '20:28:00', '07:42:00'),
(762, '0000-00-00', '23:05:00', '00:08:00'),
(763, '0000-00-00', '01:41:00', '15:40:00'),
(764, '0000-00-00', '04:18:00', '15:19:00'),
(765, '0000-00-00', '02:13:00', '06:38:00'),
(766, '0000-00-00', '01:52:00', '12:25:00'),
(767, '0000-00-00', '15:48:00', '12:13:00'),
(768, '0000-00-00', '04:13:00', '19:47:00'),
(769, '0000-00-00', '19:37:00', '22:42:00'),
(770, '0000-00-00', '03:38:00', '02:25:00'),
(771, '0000-00-00', '06:59:00', '01:14:00'),
(772, '0000-00-00', '01:29:00', '22:24:00'),
(773, '0000-00-00', '03:48:00', '21:14:00'),
(774, '0000-00-00', '06:37:00', '21:23:00'),
(775, '0000-00-00', '06:02:00', '19:34:00'),
(776, '0000-00-00', '23:44:00', '19:45:00'),
(777, '0000-00-00', '05:20:00', '12:12:00'),
(778, '0000-00-00', '05:06:00', '06:26:00'),
(779, '0000-00-00', '13:53:00', '06:28:00'),
(780, '0000-00-00', '13:51:00', '14:25:00'),
(781, '0000-00-00', '15:27:00', '04:16:00'),
(782, '0000-00-00', '10:54:00', '22:57:00'),
(783, '0000-00-00', '16:21:00', '05:47:00'),
(784, '0000-00-00', '21:05:00', '17:09:00'),
(785, '0000-00-00', '14:32:00', '16:15:00'),
(786, '0000-00-00', '00:14:00', '00:44:00'),
(787, '0000-00-00', '18:16:00', '19:03:00'),
(788, '0000-00-00', '10:23:00', '02:25:00'),
(789, '0000-00-00', '10:30:00', '16:48:00'),
(790, '0000-00-00', '02:35:00', '12:18:00'),
(791, '0000-00-00', '13:03:00', '01:36:00'),
(792, '0000-00-00', '17:08:00', '20:49:00'),
(793, '0000-00-00', '11:33:00', '15:13:00'),
(794, '0000-00-00', '09:15:00', '08:35:00'),
(795, '0000-00-00', '00:16:00', '19:06:00'),
(796, '0000-00-00', '20:09:00', '11:37:00'),
(797, '0000-00-00', '17:16:00', '04:08:00'),
(798, '0000-00-00', '12:53:00', '07:06:00'),
(799, '0000-00-00', '05:27:00', '20:48:00'),
(800, '0000-00-00', '01:03:00', '09:32:00'),
(801, '0000-00-00', '18:50:00', '15:16:00'),
(802, '0000-00-00', '09:19:00', '10:52:00'),
(803, '0000-00-00', '05:13:00', '16:43:00'),
(804, '0000-00-00', '18:12:00', '03:36:00'),
(805, '0000-00-00', '17:52:00', '21:44:00'),
(806, '0000-00-00', '11:41:00', '15:23:00'),
(807, '0000-00-00', '07:38:00', '22:12:00'),
(808, '0000-00-00', '00:32:00', '10:44:00'),
(809, '0000-00-00', '09:03:00', '07:58:00'),
(810, '0000-00-00', '11:40:00', '07:31:00'),
(811, '0000-00-00', '11:16:00', '03:49:00'),
(812, '0000-00-00', '15:40:00', '02:39:00'),
(813, '0000-00-00', '22:03:00', '11:23:00'),
(814, '0000-00-00', '19:26:00', '06:12:00'),
(815, '0000-00-00', '13:49:00', '02:48:00'),
(816, '0000-00-00', '04:05:00', '13:54:00'),
(817, '0000-00-00', '05:42:00', '04:46:00'),
(818, '0000-00-00', '07:45:00', '09:46:00'),
(819, '0000-00-00', '16:09:00', '23:44:00'),
(820, '0000-00-00', '13:38:00', '02:53:00'),
(821, '0000-00-00', '10:48:00', '02:26:00'),
(822, '0000-00-00', '20:21:00', '02:51:00'),
(823, '0000-00-00', '00:07:00', '08:30:00'),
(824, '0000-00-00', '16:35:00', '12:47:00'),
(825, '0000-00-00', '19:00:00', '05:39:00'),
(826, '0000-00-00', '08:39:00', '01:20:00'),
(827, '0000-00-00', '10:30:00', '04:49:00'),
(828, '0000-00-00', '09:46:00', '08:31:00'),
(829, '0000-00-00', '23:43:00', '17:29:00'),
(830, '0000-00-00', '21:39:00', '22:48:00'),
(831, '0000-00-00', '21:10:00', '06:48:00'),
(832, '0000-00-00', '14:17:00', '02:41:00'),
(833, '0000-00-00', '13:07:00', '18:51:00'),
(834, '0000-00-00', '20:18:00', '06:59:00'),
(835, '0000-00-00', '07:13:00', '00:45:00'),
(836, '0000-00-00', '10:52:00', '14:07:00'),
(837, '0000-00-00', '07:19:00', '19:51:00'),
(838, '0000-00-00', '17:43:00', '01:02:00'),
(839, '0000-00-00', '18:46:00', '12:34:00'),
(840, '0000-00-00', '22:55:00', '04:03:00'),
(841, '0000-00-00', '10:03:00', '05:17:00'),
(842, '0000-00-00', '14:37:00', '01:07:00'),
(843, '0000-00-00', '23:14:00', '13:17:00'),
(844, '0000-00-00', '10:35:00', '00:10:00'),
(845, '0000-00-00', '13:23:00', '04:31:00'),
(846, '0000-00-00', '01:52:00', '02:01:00'),
(847, '0000-00-00', '11:43:00', '02:29:00'),
(848, '0000-00-00', '23:03:00', '00:05:00'),
(849, '0000-00-00', '10:11:00', '02:27:00'),
(850, '0000-00-00', '09:45:00', '16:27:00'),
(851, '0000-00-00', '03:22:00', '22:00:00'),
(852, '0000-00-00', '11:45:00', '13:57:00'),
(853, '0000-00-00', '13:45:00', '00:53:00'),
(854, '0000-00-00', '11:51:00', '15:49:00'),
(855, '0000-00-00', '10:38:00', '13:56:00'),
(856, '0000-00-00', '10:27:00', '17:49:00'),
(857, '0000-00-00', '15:19:00', '15:27:00'),
(858, '0000-00-00', '03:02:00', '05:26:00'),
(859, '0000-00-00', '07:36:00', '02:33:00'),
(860, '0000-00-00', '12:32:00', '22:40:00'),
(861, '0000-00-00', '05:25:00', '08:05:00'),
(862, '0000-00-00', '00:09:00', '22:39:00'),
(863, '0000-00-00', '13:02:00', '00:19:00'),
(864, '0000-00-00', '13:11:00', '12:39:00'),
(865, '0000-00-00', '06:29:00', '17:09:00'),
(866, '0000-00-00', '20:06:00', '09:51:00'),
(867, '0000-00-00', '14:14:00', '03:57:00'),
(868, '0000-00-00', '23:45:00', '20:44:00'),
(869, '0000-00-00', '04:19:00', '17:09:00'),
(870, '0000-00-00', '10:10:00', '20:43:00'),
(871, '0000-00-00', '05:58:00', '04:40:00'),
(872, '0000-00-00', '06:57:00', '23:03:00'),
(873, '0000-00-00', '22:34:00', '08:57:00'),
(874, '0000-00-00', '01:15:00', '05:42:00'),
(875, '0000-00-00', '05:07:00', '19:29:00'),
(876, '0000-00-00', '15:26:00', '23:35:00'),
(877, '0000-00-00', '01:02:00', '20:04:00'),
(878, '0000-00-00', '10:29:00', '22:37:00'),
(879, '0000-00-00', '10:52:00', '00:23:00'),
(880, '0000-00-00', '19:12:00', '19:56:00'),
(881, '0000-00-00', '04:00:00', '01:23:00'),
(882, '0000-00-00', '19:24:00', '12:45:00'),
(883, '0000-00-00', '08:38:00', '04:09:00'),
(884, '0000-00-00', '18:44:00', '01:39:00'),
(885, '0000-00-00', '20:31:00', '16:03:00'),
(886, '0000-00-00', '20:12:00', '17:46:00'),
(887, '0000-00-00', '21:34:00', '05:37:00'),
(888, '0000-00-00', '13:52:00', '09:30:00'),
(889, '0000-00-00', '19:34:00', '22:53:00'),
(890, '0000-00-00', '05:40:00', '00:22:00'),
(891, '0000-00-00', '22:29:00', '01:36:00'),
(892, '0000-00-00', '22:19:00', '07:58:00'),
(893, '0000-00-00', '09:01:00', '12:27:00'),
(894, '0000-00-00', '15:20:00', '21:48:00'),
(895, '0000-00-00', '10:45:00', '19:24:00'),
(896, '0000-00-00', '00:13:00', '17:50:00'),
(897, '0000-00-00', '00:17:00', '18:03:00'),
(898, '0000-00-00', '12:20:00', '02:28:00'),
(899, '0000-00-00', '08:06:00', '22:56:00'),
(900, '0000-00-00', '03:45:00', '08:39:00'),
(901, '0000-00-00', '22:30:00', '23:08:00'),
(902, '0000-00-00', '18:04:00', '16:34:00'),
(903, '0000-00-00', '22:57:00', '14:23:00'),
(904, '0000-00-00', '08:13:00', '00:36:00'),
(905, '0000-00-00', '15:26:00', '11:50:00'),
(906, '0000-00-00', '23:49:00', '14:57:00'),
(907, '0000-00-00', '02:33:00', '18:15:00'),
(908, '0000-00-00', '13:06:00', '03:56:00'),
(909, '0000-00-00', '18:43:00', '09:50:00'),
(910, '0000-00-00', '01:59:00', '04:02:00'),
(911, '0000-00-00', '03:59:00', '07:48:00'),
(912, '0000-00-00', '09:13:00', '12:59:00'),
(913, '0000-00-00', '01:44:00', '09:55:00'),
(914, '0000-00-00', '13:50:00', '07:00:00'),
(915, '0000-00-00', '00:27:00', '17:42:00'),
(916, '0000-00-00', '09:30:00', '21:21:00'),
(917, '0000-00-00', '09:45:00', '01:20:00'),
(918, '0000-00-00', '00:32:00', '16:51:00'),
(919, '0000-00-00', '20:05:00', '00:08:00'),
(920, '0000-00-00', '02:31:00', '11:38:00'),
(921, '0000-00-00', '13:17:00', '22:31:00'),
(922, '0000-00-00', '19:57:00', '21:13:00'),
(923, '0000-00-00', '15:10:00', '06:13:00'),
(924, '0000-00-00', '16:08:00', '14:13:00'),
(925, '0000-00-00', '19:26:00', '05:43:00'),
(926, '0000-00-00', '06:31:00', '00:12:00'),
(927, '0000-00-00', '08:48:00', '13:08:00'),
(928, '0000-00-00', '10:44:00', '03:47:00'),
(929, '0000-00-00', '02:50:00', '08:20:00'),
(930, '0000-00-00', '17:33:00', '08:45:00'),
(931, '0000-00-00', '04:07:00', '16:20:00'),
(932, '0000-00-00', '20:29:00', '06:06:00'),
(933, '0000-00-00', '15:18:00', '03:49:00'),
(934, '0000-00-00', '06:53:00', '05:03:00'),
(935, '0000-00-00', '13:39:00', '21:52:00'),
(936, '0000-00-00', '08:25:00', '01:48:00'),
(937, '0000-00-00', '04:58:00', '07:36:00'),
(938, '0000-00-00', '04:34:00', '21:19:00'),
(939, '0000-00-00', '07:00:00', '01:01:00'),
(940, '0000-00-00', '06:22:00', '23:05:00'),
(941, '0000-00-00', '05:56:00', '17:41:00'),
(942, '0000-00-00', '20:33:00', '13:53:00'),
(943, '0000-00-00', '12:14:00', '11:43:00'),
(944, '0000-00-00', '16:10:00', '11:41:00'),
(945, '0000-00-00', '11:18:00', '20:09:00'),
(946, '0000-00-00', '09:26:00', '03:52:00'),
(947, '0000-00-00', '01:25:00', '22:48:00'),
(948, '0000-00-00', '07:39:00', '15:09:00'),
(949, '0000-00-00', '00:29:00', '04:47:00'),
(950, '0000-00-00', '13:38:00', '23:52:00'),
(951, '0000-00-00', '16:39:00', '11:44:00'),
(952, '0000-00-00', '05:31:00', '13:52:00'),
(953, '0000-00-00', '10:01:00', '13:58:00'),
(954, '0000-00-00', '13:16:00', '15:36:00'),
(955, '0000-00-00', '04:41:00', '08:48:00'),
(956, '0000-00-00', '10:29:00', '11:49:00'),
(957, '0000-00-00', '17:12:00', '18:04:00'),
(958, '0000-00-00', '07:04:00', '07:14:00'),
(959, '0000-00-00', '04:19:00', '03:21:00'),
(960, '0000-00-00', '23:12:00', '12:48:00'),
(961, '0000-00-00', '18:56:00', '17:54:00'),
(962, '0000-00-00', '10:42:00', '04:59:00'),
(963, '0000-00-00', '23:29:00', '02:07:00'),
(964, '0000-00-00', '23:29:00', '02:23:00'),
(965, '0000-00-00', '08:38:00', '07:08:00'),
(966, '0000-00-00', '23:50:00', '03:40:00'),
(967, '0000-00-00', '03:58:00', '14:04:00'),
(968, '0000-00-00', '15:42:00', '18:41:00'),
(969, '0000-00-00', '22:15:00', '17:36:00'),
(970, '0000-00-00', '03:47:00', '09:25:00'),
(971, '0000-00-00', '04:30:00', '18:11:00'),
(972, '0000-00-00', '08:49:00', '18:31:00'),
(973, '0000-00-00', '16:25:00', '13:16:00'),
(974, '0000-00-00', '13:33:00', '22:16:00'),
(975, '0000-00-00', '17:01:00', '18:58:00'),
(976, '0000-00-00', '20:14:00', '21:51:00'),
(977, '0000-00-00', '20:33:00', '11:21:00'),
(978, '0000-00-00', '04:07:00', '16:32:00'),
(979, '0000-00-00', '02:31:00', '17:23:00'),
(980, '0000-00-00', '06:07:00', '03:46:00'),
(981, '0000-00-00', '21:45:00', '21:04:00'),
(982, '0000-00-00', '01:28:00', '10:34:00'),
(983, '0000-00-00', '19:48:00', '01:55:00'),
(984, '0000-00-00', '10:37:00', '17:26:00'),
(985, '0000-00-00', '02:36:00', '05:15:00'),
(986, '0000-00-00', '13:53:00', '16:20:00'),
(987, '0000-00-00', '18:28:00', '11:13:00'),
(988, '0000-00-00', '02:20:00', '00:02:00'),
(989, '0000-00-00', '07:34:00', '02:56:00'),
(990, '0000-00-00', '12:14:00', '14:36:00'),
(991, '0000-00-00', '15:45:00', '10:00:00'),
(992, '0000-00-00', '11:00:00', '22:42:00'),
(993, '0000-00-00', '08:38:00', '11:59:00'),
(994, '0000-00-00', '15:41:00', '15:59:00'),
(995, '0000-00-00', '15:29:00', '00:14:00'),
(996, '0000-00-00', '14:38:00', '20:10:00'),
(997, '0000-00-00', '02:36:00', '03:53:00'),
(998, '0000-00-00', '21:47:00', '04:24:00'),
(999, '0000-00-00', '13:33:00', '10:10:00'),
(1000, '0000-00-00', '11:13:00', '23:34:00');

-- --------------------------------------------------------

--
-- Structure de la table `horaire`
--

DROP TABLE IF EXISTS `horaire`;
CREATE TABLE IF NOT EXISTS `horaire` (
  `id` int(11) NOT NULL,
  `jour` date DEFAULT NULL,
  `heure_Début` time DEFAULT NULL,
  `heure_fin` decimal(15,2) DEFAULT NULL,
  `idVétérinaire` int(11) DEFAULT NULL,
  PRIMARY KEY (`id`)
) ENGINE=MyISAM DEFAULT CHARSET=utf8mb4 COLLATE=utf8mb4_0900_ai_ci;

-- --------------------------------------------------------

--
-- Structure de la table `médicament`
--

DROP TABLE IF EXISTS `médicament`;
CREATE TABLE IF NOT EXISTS `médicament` (
  `id` int(11) NOT NULL,
  `nom` varchar(50) DEFAULT NULL,
  `dosage` int(11) DEFAULT NULL,
  `indications` varchar(50) DEFAULT NULL,
  `effetsSecondaires` varchar(50) DEFAULT NULL,
  `laboratoire` varchar(50) DEFAULT NULL,
  PRIMARY KEY (`id`)
) ENGINE=MyISAM DEFAULT CHARSET=utf8mb4 COLLATE=utf8mb4_0900_ai_ci;

-- --------------------------------------------------------

--
-- Structure de la table `prescrire`
--

DROP TABLE IF EXISTS `prescrire`;
CREATE TABLE IF NOT EXISTS `prescrire` (
  `id` int(11) NOT NULL,
  `id_1` int(11) NOT NULL,
  `idVisite` int(11) DEFAULT NULL,
  `idMedicament` int(11) DEFAULT NULL,
  `posologie` decimal(15,5) DEFAULT NULL,
  PRIMARY KEY (`id`,`id_1`),
  KEY `id_1` (`id_1`)
) ENGINE=MyISAM DEFAULT CHARSET=utf8mb4 COLLATE=utf8mb4_0900_ai_ci;

-- --------------------------------------------------------

--
-- Structure de la table `propriétaire`
--

DROP TABLE IF EXISTS `propriétaire`;
CREATE TABLE IF NOT EXISTS `propriétaire` (
  `id` int(11) NOT NULL,
  `nom` varchar(255) NOT NULL,
  `Prénom` varchar(50) DEFAULT NULL,
  `adresse` varchar(50) DEFAULT NULL,
  `ville` varchar(255) DEFAULT NULL,
  `cp` int(11) DEFAULT NULL,
  `téléphone` int(11) DEFAULT NULL,
  `mobile` int(11) DEFAULT NULL,
  PRIMARY KEY (`id`)
) ENGINE=MyISAM DEFAULT CHARSET=utf8mb4 COLLATE=utf8mb4_0900_ai_ci;

--
-- Déchargement des données de la table `propriétaire`
--

INSERT INTO `propriétaire` (`id`, `nom`, `Prénom`, `adresse`, `ville`, `cp`, `téléphone`, `mobile`) VALUES
(0, 'nom', 'Prénom', 'adresse', 'ville', 0, 0, 0),
(1, 'Bruinemann', 'Lenka', '91018 Forster Circle', 'Hubynykha', 0, 747, 418),
(2, 'McLenahan', 'Rutger', '68989 North Road', 'Yiánnouli', 0, 232, 276),
(3, 'Keefe', 'Grayce', '0058 Badeau Crossing', 'Chengnan', 0, 591, 209),
(4, 'McCloughlin', 'Bernie', '02 Hooker Parkway', 'Claveria', 9004, 901, 399),
(5, 'Durek', 'Coleman', '1 Columbus Street', 'Las Palmas', 87425, 992, 525),
(6, 'Del Castello', 'Guillema', '9502 Lotheville Way', 'Qianzhou', 0, 191, 848),
(7, 'Portman', 'Miguela', '62419 Westridge Parkway', 'Varnávas', 0, 663, 800),
(8, 'Doyle', 'Karrie', '5916 Fieldstone Trail', 'Dongdai', 0, 616, 261),
(9, 'Kolinsky', 'Larry', '4781 Tony Point', 'Nynäshamn', 149, 704, 373),
(10, 'Tiddy', 'Angelle', '11 Rigney Place', 'Xingyuan', 0, 546, 575),
(11, 'Whaley', 'Gayle', '384 Lukken Trail', 'Guanta', 0, 933, 595),
(12, 'Beert', 'Chrysler', '391 Comanche Court', 'Nagpandayan', 4332, 247, 884),
(13, 'Skirvin', 'Valle', '841 Cottonwood Way', 'Goúvai', 0, 795, 202),
(14, 'Aleksankov', 'Drew', '2 Kipling Lane', 'Yushan', 0, 627, 977),
(15, 'Vidineev', 'Sofia', '638 Carberry Road', 'Daugai', 64009, 530, 377),
(16, 'Heasley', 'Gregoire', '3956 1st Circle', 'Zelenograd', 143912, 865, 333),
(17, 'Lanyon', 'Damita', '222 Sullivan Trail', 'Báguanos', 0, 735, 215),
(18, 'Goldup', 'Willard', '27 Pawling Hill', 'Paragominas', 68625, 965, 373),
(19, 'Gras', 'Tabina', '5 Kingsford Crossing', 'Tajan', 0, 176, 520),
(20, 'Keay', 'Skelly', '7 Melrose Crossing', 'Maple Plain', 55572, 763, 397),
(21, 'Filov', 'Janean', '495 Scoville Court', 'Sievi', 85410, 587, 668),
(22, 'Aitkenhead', 'Katee', '312 Arizona Circle', 'Antagan Segunda', 918, 586, 801),
(23, 'Addionisio', 'Trudey', '0772 Main Park', 'Nazrēt', 0, 644, 838),
(24, 'Pietrowicz', 'Adi', '82 Marquette Drive', 'Huzhou', 0, 659, 284),
(25, 'Fuchs', 'Brett', '44449 Corscot Junction', 'Linjiang', 0, 886, 781),
(26, 'Schimek', 'Ernesta', '2484 Shoshone Point', 'Harar', 0, 391, 844),
(27, 'Tee', 'Putnem', '4 Holmberg Hill', 'Waxi', 0, 649, 895),
(28, 'Pumphrey', 'Duky', '39 Fieldstone Way', 'Lleida', 25198, 220, 511),
(29, 'Scranney', 'Tulley', '18 Clarendon Pass', 'Bluefields', 0, 868, 369),
(30, 'Seys', 'Deena', '516 Reinke Street', 'Meringkik', 0, 720, 534),
(31, 'Hilldrop', 'Elmo', '2 Sloan Way', 'Hīt', 0, 516, 166),
(32, 'Cobley', 'Cazzie', '65570 Valley Edge Way', 'San Miguel', 30560, 821, 958),
(33, 'Moy', 'Georgie', '25 Debra Road', 'Jalupang Dua', 0, 804, 448),
(34, 'Arboin', 'Wells', '52801 Eagan Parkway', 'Burgeo', 0, 842, 349),
(35, 'Yankeev', 'Hughie', '21797 Ronald Regan Parkway', 'Lesnoye', 238703, 935, 966),
(36, 'Steffan', 'Frederica', '24756 Barby Lane', 'Taoudenni', 0, 803, 507),
(37, 'Le Galle', 'Faustina', '49138 Shoshone Way', 'General Manuel J. Campos', 6309, 402, 802),
(38, 'Roseveare', 'Ky', '361 Crowley Point', 'Berlin', 12437, 138, 343),
(39, 'Begbie', 'Marguerite', '23346 Grasskamp Parkway', 'San Francisco', 51016, 211, 791),
(40, 'Vauls', 'Jayson', '551 Muir Drive', 'Pleshanovo', 461150, 554, 647),
(41, 'Carine', 'Ethelred', '61989 Mesta Junction', 'Balindong', 9318, 765, 666),
(42, 'Seres', 'Ian', '609 Lien Drive', 'Lyon', 69446, 126, 325),
(43, 'Vaughten', 'Travus', '426 Eastlawn Court', 'Hostos', 11403, 784, 982),
(44, 'Giacopazzi', 'Flem', '2366 Fisk Junction', 'Las Lomas', 0, 711, 982),
(45, 'Ottiwill', 'Caryl', '1 Claremont Court', 'Petrikov', 0, 985, 437),
(46, 'Meharry', 'Reese', '59271 Grasskamp Avenue', 'Bāmyān', 0, 508, 642),
(47, 'Gilluley', 'Hetti', '1795 1st Avenue', 'Şaqānis', 0, 312, 942),
(48, 'Streeting', 'Bancroft', '7 Dorton Drive', 'Dubrovnik', 20000, 191, 274),
(49, 'Saunier', 'Vernice', '547 Summit Place', 'San Isidro', 8421, 203, 448),
(50, 'Rocco', 'Astrid', '6 Sauthoff Alley', 'Aizi', 0, 167, 961),
(51, 'Cristofol', 'John', '11 Acker Street', 'Ryki', 8, 170, 588),
(52, 'Hulse', 'Gussy', '043 Prairie Rose Way', 'Calape', 6328, 437, 652),
(53, 'Bowler', 'Staci', '5 Gale Avenue', 'Lhokkruet', 0, 210, 489),
(54, 'Enevold', 'Martelle', '745 Trailsway Center', 'Eusébio', 61760, 774, 467),
(55, 'Cankett', 'Colan', '86 Transport Park', 'Penanggal', 0, 558, 951),
(56, 'Buttrey', 'Truman', '3018 Mallard Road', 'Kozloduy', 3320, 935, 733),
(57, 'Laye', 'Wally', '065 Sloan Circle', 'Mateur', 0, 684, 326),
(58, 'Giddy', 'Thatch', '9 Melrose Place', 'Oslo', 1291, 260, 180),
(59, 'Lambin', 'Ely', '576 Kedzie Park', 'Huari', 0, 537, 838),
(60, 'Chaize', 'Clotilda', '583 Vidon Pass', 'Santi Suk', 61150, 456, 961),
(61, 'Aronovitz', 'Tadeas', '95 Messerschmidt Alley', 'Níkaia', 0, 544, 556),
(62, 'Lethbridge', 'Xenia', '34785 Superior Terrace', 'Bù Đốp', 0, 200, 980),
(63, 'Simnett', 'Talia', '230 Mcbride Alley', 'Yerba Buena', 4622, 401, 465),
(64, 'Kreber', 'Lanita', '5 Tennyson Way', 'Gomunice', 97, 200, 702),
(65, 'Krelle', 'Josefa', '060 Spaight Way', 'Laiya', 6215, 770, 782),
(66, 'Otter', 'Cad', '999 7th Alley', 'Ershilipu', 0, 496, 171),
(67, 'Vasyanin', 'Austina', '7332 Bonner Junction', 'Pondokkaha Kelod', 0, 313, 904),
(68, 'Quesne', 'Fair', '9 Talisman Trail', 'Cognac', 16104, 209, 117),
(69, 'Albury', 'Vinnie', '4227 Mandrake Point', 'Huntington', 25775, 304, 486),
(70, 'Kiraly', 'Teodoor', '73767 Mitchell Terrace', 'Tondano', 0, 532, 466),
(71, 'Walhedd', 'Laurella', '5 John Wall Park', 'Janiuay', 5034, 988, 925),
(72, 'Basford', 'Ivy', '1527 Amoth Circle', 'Сарај', 1234, 325, 457),
(73, 'Surfleet', 'Price', '61975 Almo Point', 'Emnambithi-Ladysmith', 3384, 559, 165),
(74, 'Spracklin', 'Marcia', '66 Leroy Point', 'Nianqiao', 0, 434, 955),
(75, 'Quinton', 'Oriana', '3 Lakeland Center', 'Sanhe', 0, 850, 164),
(76, 'Lauder', 'Mateo', '64462 Heath Court', 'Shiye', 0, 465, 162),
(77, 'Vallack', 'Gavan', '6163 Almo Plaza', 'Itu', 0, 834, 867),
(78, 'Linnell', 'Lorianne', '5194 Cordelia Way', 'Giraldo', 57047, 284, 420),
(79, 'McEniry', 'Becky', '5128 Marcy Place', 'Altıağac', 0, 135, 976),
(80, 'Jelf', 'Regina', '12854 Spenser Parkway', 'Derzhavīnsk', 0, 217, 646),
(81, 'Osant', 'Bard', '201 Boyd Junction', 'Silveiros', 4775, 649, 543),
(82, 'Tackle', 'Cort', '6 Bellgrove Plaza', 'Oslo', 679, 866, 818),
(83, 'Sobieski', 'Slade', '99515 Melody Hill', 'Cogreg Wetan', 0, 974, 202),
(84, 'Staton', 'Claudian', '73573 Brown Place', 'Char Bhadrāsan', 7933, 799, 744),
(85, 'Staton', 'Monroe', '71 Northport Alley', 'Solntsevo', 243429, 587, 239),
(86, 'Wilstead', 'Selma', '9254 Warbler Avenue', 'Kluczbork', 46, 859, 649),
(87, 'Olrenshaw', 'Emyle', '7035 Arrowood Junction', 'Pechenizhyn', 0, 593, 252),
(88, 'Hatchard', 'Sylas', '31306 Old Shore Pass', 'Hongkeli', 0, 725, 961),
(89, 'Randlesome', 'Scotti', '6718 Carberry Road', 'Balas', 2007, 154, 593),
(90, 'Binner', 'Natal', '13488 Fairview Street', 'Union', 5609, 560, 107),
(91, 'Caffery', 'Eustace', '61 Forest Run Junction', 'Kusak', 423430, 743, 489),
(92, 'Derrington', 'Valli', '091 Blaine Avenue', 'Otra Banda', 11805, 334, 935),
(93, 'Cremin', 'Leon', '65 Sage Plaza', 'Hekou', 0, 319, 111),
(94, 'Viall', 'Judy', '3945 Toban Avenue', 'San Pedro', 11905, 719, 724),
(95, 'Mangeot', 'Cristal', '7303 Express Parkway', 'Waldbredimus', 0, 410, 471),
(96, 'Spink', 'Elaine', '161 Welch Pass', 'El Obeid', 0, 455, 696),
(97, 'Scholey', 'Gisela', '40222 1st Terrace', 'Velyka Bahachka', 0, 299, 156),
(98, 'Perott', 'Sharline', '8207 Hoepker Terrace', 'Nanping', 0, 277, 147),
(99, 'Dizlie', 'Orsa', '61 Moland Way', 'Spas-Zaulok', 141667, 174, 483),
(100, 'Braune', 'Shaylah', '9 Annamark Trail', 'Xinqiaohe', 0, 161, 227),
(101, 'Casa', 'Godfree', '1 Westend Point', 'Kovdor', 633375, 661, 389),
(102, 'Blackshaw', 'Prescott', '4 Porter Street', 'Duhu', 0, 451, 843),
(103, 'Argue', 'Annelise', '612 Holy Cross Trail', 'Golomunta', 0, 798, 720),
(104, 'Paff', 'Rory', '7 Summerview Terrace', 'Ocaña', 546559, 207, 439),
(105, 'Bayle', 'Anett', '4502 Mccormick Junction', 'Yaozhuang', 0, 843, 786),
(106, 'Mosdill', 'Neile', '328 Schurz Parkway', 'Malway', 6527, 673, 416),
(107, 'Cordrey', 'Carolus', '8291 Havey Plaza', 'Suresnes', 92154, 673, 315),
(108, 'Farry', 'Beverlie', '5 Mandrake Drive', 'Simo Satu', 0, 246, 812),
(109, 'Cockman', 'Bobbe', '91 Grover Crossing', 'Mondorf-les-Bains', 0, 348, 162),
(110, 'Woollhead', 'Aurthur', '472 Dorton Street', 'Ban Phai', 40110, 407, 221),
(111, 'Wallenger', 'Joline', '24 Clarendon Hill', 'Neópolis', 49980, 213, 292),
(112, 'Malan', 'Ranna', '2 Fremont Way', 'Songculan', 7120, 747, 358),
(113, 'O\' Sullivan', 'Anabella', '088 Merrick Road', 'Dunhou', 0, 763, 189),
(114, 'Durtnal', 'Benedikta', '20350 Ridgeview Hill', 'Xiushi', 0, 430, 356),
(115, 'Gehrtz', 'Uriel', '541 Tennyson Terrace', 'Pruszcz', 86, 281, 946),
(116, 'Berridge', 'Mackenzie', '8472 Quincy Hill', 'Itajubá', 37500, 391, 420),
(117, 'Stout', 'Adelice', '57074 Loeprich Drive', 'Tanjiaqiao', 0, 888, 290),
(118, 'Iskov', 'Darbee', '6 Dixon Alley', 'Huaicheng', 0, 204, 741),
(119, 'Axell', 'Charo', '4 Scott Circle', 'Vojkovice', 739, 563, 955),
(120, 'Loder', 'Cross', '799 East Junction', 'Jiqu', 0, 809, 546),
(121, 'Smales', 'Nealson', '75136 Comanche Terrace', 'Badaogu', 0, 341, 305),
(122, 'Dawidowitz', 'Philomena', '4 Ilene Junction', 'Bobo-Dioulasso', 0, 661, 549),
(123, 'Endricci', 'Iolande', '465 Derek Place', 'Pyshchug', 157630, 415, 307),
(124, 'Sreenan', 'Odie', '769 5th Avenue', 'Stockholm', 103, 260, 111),
(125, 'Seamon', 'Pattie', '1403 Butternut Plaza', 'Cartí Suitupo', 0, 599, 560),
(126, 'Wyllcocks', 'Archie', '578 Katie Terrace', 'Patria', 2005, 794, 313),
(127, 'Dallon', 'Trina', '51113 Clove Road', 'Miami', 33147, 786, 538),
(128, 'Reary', 'Michele', '8807 Towne Circle', 'Mercedes', 3470, 932, 919),
(129, 'Cavaney', 'Cacilie', '89085 School Pass', 'Muang Phôn-Hông', 0, 271, 703),
(130, 'Gimeno', 'Filip', '822 Judy Avenue', 'Kryva Hora', 0, 420, 199),
(131, 'Pavolini', 'Becky', '39 Trailsway Terrace', 'Cueto', 0, 848, 202),
(132, 'Adolthine', 'Terry', '84860 Lakeland Hill', 'Herzliya Pituah', 0, 839, 377),
(133, 'Rowbotham', 'Buddy', '58940 Michigan Junction', 'Chayek', 0, 761, 761),
(134, 'Naldrett', 'Marice', '3988 Anderson Junction', 'Namyang-dong', 0, 394, 956),
(135, 'Kimber', 'Joelie', '264 7th Plaza', 'Tarragona', 8201, 472, 410),
(136, 'Bonhill', 'Lelah', '893 Toban Lane', 'Lianshi', 0, 100, 654),
(137, 'Lamplough', 'Matteo', '5369 Maryland Terrace', 'Fujikawaguchiko', 401, 824, 454),
(138, 'Cabble', 'Electra', '9 Mallard Crossing', 'Baizhifang', 0, 610, 516),
(139, 'Di Matteo', 'Yorgo', '64 Melby Plaza', 'Jieguanting', 0, 299, 464),
(140, 'McWhannel', 'Stanly', '55 Nancy Way', 'Conde', 58322, 681, 954),
(141, 'Brownsell', 'Aurore', '49 Reindahl Place', 'Seltjarnarnes', 172, 565, 751),
(142, 'Delany', 'Mitchael', '802 Kenwood Parkway', 'Riobamba', 0, 331, 478),
(143, 'Gummer', 'Luther', '1 Russell Avenue', 'Kasiyan', 0, 996, 634),
(144, 'Petrasek', 'Zaneta', '0007 Lindbergh Trail', 'Ocaña', 546559, 347, 955),
(145, 'Kiledal', 'Ashil', '4211 Debra Trail', 'Gafanha de Aquém', 3830, 777, 584),
(146, 'Mahaddie', 'Ofelia', '3 Gale Drive', 'Rušanj', 0, 734, 723),
(147, 'Franzke', 'Fredrick', '4434 Lake View Trail', 'Portland', 97255, 971, 854),
(148, 'Kempstone', 'Mechelle', '0 Arrowood Lane', 'Qiting', 0, 653, 928),
(149, 'Duddy', 'Tildy', '4879 Scoville Pass', 'Pudasjärvi', 93170, 723, 703),
(150, 'Combes', 'Kandy', '0 Oneill Pass', 'Krasnapollye', 0, 530, 373),
(151, 'Habard', 'Kiri', '3 Ilene Crossing', 'Mollas', 0, 784, 782),
(152, 'Culcheth', 'Jacquenette', '23671 Thackeray Street', 'Vokhaïkó', 0, 389, 522),
(153, 'Andreia', 'Vite', '1 Dunning Terrace', 'Fier', 0, 574, 536),
(154, 'Crock', 'Ario', '43 Canary Road', 'Kolchikón', 0, 688, 657),
(155, 'Vaulkhard', 'Cullin', '37146 Blaine Court', 'Mumen', 0, 611, 280),
(156, 'Carrack', 'Maggi', '93547 Stephen Park', 'Yasugichō', 699, 825, 831),
(157, 'Skells', 'Fey', '5 Eliot Road', 'Ageoshimo', 362, 992, 509),
(158, 'Frearson', 'Crosby', '79 Karstens Crossing', 'Santander', 39080, 910, 868),
(159, 'Aishford', 'Jaymie', '40 Sullivan Point', 'Krylovskaya', 353769, 580, 285),
(160, 'Aspin', 'Etti', '8 Golf View Street', 'Las Vegas', 0, 209, 539),
(161, 'Kuhn', 'Graeme', '25 Talisman Junction', 'Tsubame', 959, 900, 155),
(162, 'Hadigate', 'Hertha', '200 Kinsman Pass', 'Mhlambanyatsi', 0, 597, 335),
(163, 'Spracklin', 'Michal', '23 Stoughton Point', 'Uvarovo', 393479, 884, 968),
(164, 'Grabert', 'Adham', '68 Granby Trail', 'Na Kae', 48130, 191, 850),
(165, 'Knewstub', 'Gerty', '3607 Parkside Trail', 'La Unión', 0, 951, 295),
(166, 'Abbiss', 'Terri', '9 Bayside Road', 'Guangfu', 0, 337, 704),
(167, 'Willowby', 'Merle', '16185 Leroy Court', 'Moca', 11803, 168, 719),
(168, 'Rippingall', 'Jada', '1 Sutteridge Parkway', 'Jangdam', 0, 981, 562),
(169, 'Eaglen', 'Herb', '6 Maryland Road', 'Lokuuy', 0, 435, 815),
(170, 'Holcroft', 'Napoleon', '0824 Roxbury Park', 'Saint Louis', 63150, 314, 370),
(171, 'Benoist', 'Merilee', '20 Fisk Road', 'Jinping', 0, 808, 248),
(172, 'Moxom', 'Wiatt', '2578 Kensington Street', 'Sovetskaya', 357329, 456, 287),
(173, 'Dmitrievski', 'Anne-marie', '120 Everett Circle', 'Phoenix', 85072, 602, 264),
(174, 'McPherson', 'Thatcher', '2 Nevada Lane', 'Anderstorp', 334, 585, 305),
(175, 'Matusevich', 'Raye', '34 Marquette Plaza', 'Liuhao', 0, 347, 459),
(176, 'Heugh', 'Juanita', '538 Thompson Hill', 'Jifarong', 0, 698, 934),
(177, 'Williscroft', 'Sabra', '93 Clemons Alley', 'Krzeszów', 58, 161, 783),
(178, 'Tolworthie', 'Dun', '182 Blackbird Trail', 'Aurillac', 15004, 914, 336),
(179, 'Pietsma', 'Rhona', '57 Sunnyside Alley', 'Lijia', 0, 444, 125),
(180, 'Quan', 'Tandi', '5729 Petterle Pass', 'Omoku', 0, 304, 554),
(181, 'Kelsow', 'Faydra', '01 Crescent Oaks Plaza', 'Urho', 0, 307, 248),
(182, 'Rosenblath', 'Reinaldo', '89843 Roth Circle', 'Campbellton', 0, 861, 523),
(183, 'Draaisma', 'Jenny', '456 Kipling Center', 'Elekmonar', 649234, 449, 170),
(184, 'Pollins', 'Blinni', '29148 Farwell Terrace', 'Portelinha', 4950, 777, 208),
(185, 'Parncutt', 'Celia', '4 Dakota Terrace', 'Labuhansumbawa', 0, 219, 206),
(186, 'Prydden', 'Adolf', '741 Scott Center', 'Khoyniki', 0, 120, 268),
(187, 'Queenborough', 'Ellissa', '0485 Service Trail', 'Seattle', 98195, 206, 278),
(188, 'Kleinhaut', 'Gwendolin', '72142 Lindbergh Crossing', 'Puyang', 0, 112, 492),
(189, 'Byrth', 'Roxanne', '1021 Homewood Crossing', 'Sarana', 623311, 433, 298),
(190, 'Vickarman', 'Jerrome', '1472 6th Pass', 'Krong Pi Nang', 86220, 405, 371),
(191, 'Roizn', 'Ford', '01866 Nobel Crossing', 'Santa Lucia', 2712, 987, 195),
(192, 'Hazelton', 'Megen', '316 Almo Court', 'Bandarbeyla', 0, 912, 173),
(193, 'Petrushanko', 'Tan', '27 Rowland Parkway', 'Ḩadādah', 0, 408, 228),
(194, 'Sorrell', 'Bevvy', '500 Almo Road', 'Linshe', 0, 667, 411),
(195, 'McDavid', 'Elena', '2903 Monica Way', 'Shalakusha', 164210, 702, 991),
(196, 'Blasius', 'Grazia', '58 Meadow Valley Way', 'Shiquan', 0, 203, 346),
(197, 'Semple', 'Frants', '7557 Fieldstone Point', 'Kaiama', 0, 175, 310),
(198, 'Wisniowski', 'Coreen', '60 Rusk Pass', 'Pisz', 12, 824, 777),
(199, 'Balchin', 'Isis', '5 Basil Pass', 'Itapemirim', 29330, 220, 194),
(200, 'Quigley', 'Zia', '8800 Badeau Circle', 'Kołczygłowy', 77, 310, 894),
(201, 'Jepps', 'Elsbeth', '336 Hoepker Way', 'Bang Racham', 16130, 232, 486),
(202, 'Gladdis', 'Tawsha', '2301 Northport Parkway', 'Ben Arous', 0, 859, 788),
(203, 'Swanborough', 'Paulie', '20 Rusk Park', 'Sandaohezi', 0, 755, 967),
(204, 'Songest', 'Tyson', '1 Fieldstone Street', 'Alajuela', 20101, 586, 575),
(205, 'Caveill', 'Hurley', '9 Starling Parkway', 'Jatirogo', 0, 998, 272),
(206, 'Menhci', 'Vlad', '7 Pennsylvania Plaza', 'Vargön', 468, 450, 920),
(207, 'Gheerhaert', 'Nat', '17985 Cordelia Plaza', 'Maloma', 3110, 771, 706),
(208, 'Featley', 'Shannen', '0177 Coolidge Center', 'Huangjinjing', 0, 905, 940),
(209, 'Pashba', 'Sharron', '9448 Norway Maple Pass', 'São Miguel dos Campos', 57240, 127, 964),
(210, 'Ziehm', 'Saul', '344 Kensington Pass', 'Englewood', 80150, 303, 913),
(211, 'Beddows', 'Powell', '97 Hallows Terrace', 'Ráječko', 679, 683, 866),
(212, 'Francois', 'Micki', '9015 Mariners Cove Trail', 'Cortinhas', 4960, 330, 127),
(213, 'Leggett', 'Natasha', '23525 Rusk Street', 'Mubende', 0, 332, 709),
(214, 'Wannop', 'Francoise', '134 Summerview Junction', 'Otun', 0, 203, 436),
(215, 'Humberston', 'Perry', '26897 Goodland Pass', 'Zaymishche', 243126, 881, 856),
(216, 'Summersby', 'Mickie', '87 Hoffman Avenue', 'Sirindhorn', 65150, 484, 887),
(217, 'Pepis', 'Orsa', '52923 Reindahl Alley', 'Buenaventura', 764517, 388, 616),
(218, 'Grandisson', 'Tory', '0 Bellgrove Center', 'La Loma', 47685, 698, 773),
(219, 'Callaway', 'Adrea', '0001 Rowland Junction', 'Seydi', 0, 211, 751),
(220, 'Hinkes', 'Nick', '6 Schiller Court', 'Bantog', 2445, 689, 713),
(221, 'Cannon', 'Bernie', '25481 Hauk Pass', 'Vrbice', 735, 771, 684),
(222, 'Chree', 'Ketty', '39400 Service Point', 'Storozhnytsya', 0, 489, 925),
(223, 'Delleschi', 'Ailee', '2 John Wall Lane', 'Březová', 747, 396, 527),
(224, 'Mowles', 'Johannah', '0 Jackson Plaza', 'Lordegān', 0, 209, 566),
(225, 'Vail', 'Shanan', '219 Mitchell Circle', 'Annecy-le-Vieux', 74944, 713, 659),
(226, 'Chainey', 'Gualterio', '74 Prairieview Crossing', 'Cabra Figa', 2635, 998, 397),
(227, 'Stigell', 'Mandi', '5 Eliot Drive', 'Chaoyang', 0, 379, 116),
(228, 'Calverley', 'Theo', '7988 Spohn Crossing', 'Gudang', 0, 870, 261),
(229, 'De\'Ath', 'Laurena', '99131 Roth Alley', 'Milicz', 56, 112, 409),
(230, 'Hancox', 'Richy', '639 Union Way', 'Kizlyar', 363720, 207, 554),
(231, 'Holley', 'Guntar', '328 Sheridan Avenue', 'Ngedhubasa', 0, 730, 787),
(232, 'Whitaker', 'Karly', '383 Lunder Avenue', 'Alegre', 29500, 178, 655),
(233, 'Hazelton', 'Daisy', '13 Paget Place', 'Huishi', 0, 445, 950),
(234, 'Stilly', 'Darsey', '018 Golf Avenue', 'Hamada', 998, 996, 211),
(235, 'Crossland', 'Florance', '9165 Granby Place', 'Mamoudzou', 97680, 211, 322),
(236, 'Beran', 'Trey', '10 Magdeline Avenue', 'Benito Juarez', 96720, 408, 162),
(237, 'Marguerite', 'Lia', '8110 New Castle Pass', 'Reisjärvi', 85900, 914, 430),
(238, 'Lynas', 'Melisenda', '5839 Dapin Junction', 'General Manuel J. Campos', 6309, 833, 977),
(239, 'Gosney', 'Ashli', '79 Hazelcrest Junction', 'Federal', 3180, 704, 304),
(240, 'Owthwaite', 'Neron', '7 Onsgard Road', 'Margahayukencana', 0, 136, 563),
(241, 'Baldwin', 'Rupert', '7868 Spohn Avenue', 'Xuling', 0, 827, 482),
(242, 'Million', 'Brandtr', '66323 Rockefeller Trail', 'Ishioka', 999, 661, 213),
(243, 'Killeen', 'Jonis', '3 Rigney Pass', 'Burlatskoye', 356401, 383, 162),
(244, 'Heare', 'Kylila', '0839 Memorial Point', 'Magitang', 0, 534, 876),
(245, 'Gotch', 'Stirling', '1397 Roth Road', 'Chebba', 0, 807, 543),
(246, 'Langford', 'Seward', '6615 Mcguire Crossing', 'Burbank', 91505, 818, 891),
(247, 'Davidek', 'Felizio', '7966 Butternut Plaza', 'Łąka Prudnicka', 2, 869, 601),
(248, 'Hassent', 'Jephthah', '140 Duke Lane', 'Xambabazar', 0, 943, 824),
(249, 'Stummeyer', 'Torin', '57524 Kedzie Road', 'Longxi', 0, 766, 166),
(250, 'Schaben', 'Alys', '1687 Graceland Alley', 'Nerekhta', 157812, 417, 936),
(251, 'Kippax', 'Cyrille', '44104 Cascade Alley', 'Piła', 64, 463, 958),
(252, 'Dabs', 'Tully', '9 Warrior Avenue', 'Hengshan', 0, 550, 709),
(253, 'Cescot', 'Eveleen', '77740 Goodland Trail', 'Temuco', 0, 507, 579),
(254, 'Siley', 'Gearalt', '18 Tennessee Parkway', 'Corvite', 4805, 954, 329),
(255, 'Ioselevich', 'Mylo', '67689 Del Sol Hill', 'Fengjiang', 0, 315, 875),
(256, 'Itzkovwich', 'Loria', '045 Sutherland Point', 'Chelbasskaya', 353715, 277, 678),
(257, 'Rotter', 'Brien', '64277 Mcguire Lane', 'Rato', 0, 852, 271),
(258, 'Fancott', 'Hersch', '81988 Springview Parkway', 'Aizi', 0, 887, 178),
(259, 'Colnet', 'Lucretia', '3688 Ramsey Avenue', 'Sintung Timur', 0, 276, 183),
(260, 'Matchett', 'Falkner', '534 Ronald Regan Junction', 'Hovås', 436, 881, 484),
(261, 'Slorach', 'Curcio', '18361 Schlimgen Avenue', 'Morazán', 2015, 372, 319),
(262, 'Perkin', 'Samuele', '1 Hoffman Avenue', 'Saint-Jean-de-Braye', 45809, 819, 376),
(263, 'Wand', 'Amie', '9 Cambridge Park', 'Caozhen', 0, 187, 320),
(264, 'Oliveras', 'Leonanie', '899 Green Place', 'Stockholm', 111, 806, 538),
(265, 'Crosseland', 'Horace', '5687 8th Street', 'Guápiles', 70201, 698, 198),
(266, 'Spraggon', 'Tailor', '7353 Twin Pines Plaza', 'Radovitskiy', 140753, 383, 737),
(267, 'Brecknall', 'De witt', '7866 Sherman Pass', 'Rifu', 981, 136, 880),
(268, 'Shelliday', 'Lynde', '5 Arizona Terrace', 'Ptghunk’', 0, 968, 176),
(269, 'Gallichan', 'Lea', '0985 Tony Point', 'Guanba', 0, 606, 192),
(270, 'Gaskin', 'Dara', '55 Merry Terrace', 'Muravlenko', 102293, 224, 121),
(271, 'Wyman', 'Cilka', '06 Elka Center', 'Huaishu', 0, 264, 487),
(272, 'Buttrick', 'Stephanie', '55094 Walton Pass', 'Tuluá', 763029, 120, 689),
(273, 'Baumford', 'Adela', '93931 Kennedy Trail', 'Chenghuang', 0, 571, 134),
(274, 'Jedrys', 'Morgana', '224 Truax Way', 'Corbeil-Essonnes', 91815, 992, 979),
(275, 'Gheraldi', 'Lela', '1432 Knutson Drive', 'Ad Dīwānīyah', 0, 522, 384),
(276, 'Eyckel', 'Thomasa', '00702 Oriole Parkway', 'Helsingborg', 252, 195, 593),
(277, 'Dann', 'Lloyd', '3 Delaware Court', 'Kedungdowo', 0, 492, 815),
(278, 'Haydon', 'Riane', '35 Columbus Pass', 'Mogapinyana', 0, 625, 557),
(279, 'Purbrick', 'Jayne', '9 Arkansas Alley', 'Gayamsari', 0, 526, 354),
(280, 'Armistead', 'Parke', '379 Victoria Plaza', 'Łąck', 9, 718, 686),
(281, 'Ladson', 'Jillian', '6218 Arapahoe Parkway', 'Koramlik', 0, 491, 607),
(282, 'Kinney', 'Brennen', '6529 Kipling Junction', 'Espanola', 0, 124, 274),
(283, 'Dimanche', 'Neils', '11 Morrow Crossing', 'Rublëvo', 652288, 743, 973),
(284, 'Lahrs', 'Letta', '2629 Muir Center', 'Kisarawe', 0, 264, 227),
(285, 'Standbrooke', 'Odella', '88557 Hudson Alley', 'Jiantang', 0, 334, 814),
(286, 'Kelsell', 'Benni', '97 Badeau Center', 'Ljig', 0, 117, 786),
(287, 'Crunkhurn', 'Rici', '0 Continental Avenue', 'Studzionka', 43, 963, 453),
(288, 'Farish', 'Nealson', '95 Moose Drive', 'Černožice', 503, 622, 304),
(289, 'Fieldgate', 'Alidia', '7 American Ash Place', 'Changqing', 0, 161, 463),
(290, 'Beardshall', 'Bertine', '84996 Grayhawk Park', 'Daming', 0, 810, 940),
(291, 'Hymers', 'Abbi', '4994 Hoffman Street', 'Bryan', 77806, 979, 374),
(292, 'Pykerman', 'Dedra', '0834 Anthes Drive', 'Sano', 987, 368, 836),
(293, 'Schohier', 'Page', '934 Sycamore Alley', 'Maragogi', 57955, 726, 535),
(294, 'Bremmer', 'Johnna', '0614 Kim Plaza', 'Covas da Raposa', 2970, 157, 240),
(295, 'Bartalot', 'Feodor', '225 Union Parkway', 'Hehe', 0, 309, 354),
(296, 'Poor', 'Alonso', '25148 Iowa Road', 'An Lão', 0, 333, 524),
(297, 'Neely', 'Umeko', '2 Monument Terrace', 'Pereiras', 4620, 819, 630),
(298, 'Tunno', 'Josee', '5911 Graedel Drive', 'Cambuga', 6329, 842, 373),
(299, 'Lovelady', 'Earl', '8846 Daystar Place', 'Caikouji', 0, 712, 308),
(300, 'Gouley', 'Ludovico', '6089 Nevada Circle', 'Ntungamo', 0, 425, 111),
(301, 'Fearns', 'Emilee', '0 Lakewood Hill', 'Damasak', 0, 273, 878),
(302, 'Carding', 'Dell', '55 Northfield Way', 'Mabasa', 3707, 784, 205),
(303, 'Daulton', 'Alli', '5526 Kedzie Trail', 'Nara-shi', 639, 917, 702),
(304, 'Woolard', 'Dori', '7899 Corry Hill', 'El Paso', 79999, 915, 986),
(305, 'Coats', 'Chrysa', '38 West Trail', 'Greenland', 0, 877, 210),
(306, 'Moorrud', 'Marin', '47177 Talmadge Place', 'Bang Racham', 16130, 723, 436),
(307, 'Sudran', 'El', '890 Quincy Parkway', 'Kadubadak', 0, 984, 876),
(308, 'Ondrasek', 'Seamus', '21825 Leroy Road', 'Tunjuk Selatan', 0, 163, 793),
(309, 'Bock', 'Bogart', '2 Moose Junction', 'Paraguaçu', 37120, 861, 631),
(310, 'Morrant', 'Myrle', '3342 Homewood Plaza', 'Danan', 0, 278, 682),
(311, 'Chantrell', 'Carny', '879 Michigan Trail', 'Ban Talat Bueng', 20170, 549, 975),
(312, 'Bleythin', 'Germain', '8 Mccormick Court', 'Markham', 0, 531, 629),
(313, 'Penhalurick', 'Delmore', '2698 Dwight Court', 'Dukuh', 0, 876, 140),
(314, 'Walter', 'Hinda', '77183 Pearson Street', 'Pruszcz', 86, 706, 694),
(315, 'Percival', 'Jeremy', '2999 Messerschmidt Parkway', 'Santander', 39010, 806, 186),
(316, 'Fairfoul', 'Hailey', '284 Annamark Junction', 'Grand-Bassam', 0, 278, 658),
(317, 'Axleby', 'Saraann', '7588 Warbler Hill', 'Arbais', 0, 569, 276),
(318, 'Mc Gee', 'Merle', '5 Kim Hill', 'Luwan', 0, 835, 860),
(319, 'Wayte', 'Caryl', '35 Farwell Crossing', 'Vinhedo', 13280, 139, 984),
(320, 'Bristo', 'Tommi', '992 Chinook Hill', 'Enschede', 7534, 267, 858),
(321, 'Bumford', 'Tucky', '40 Dakota Junction', 'Krasna', 0, 461, 892),
(322, 'Granham', 'Antons', '48290 Marcy Street', 'Camiling', 2306, 167, 882),
(323, 'Hibling', 'Dale', '28024 Havey Junction', 'Luna', 3813, 856, 358),
(324, 'Duckit', 'Meggi', '45403 Logan Plaza', 'Xinzhou', 0, 339, 101),
(325, 'O\'Longain', 'Ada', '0 Arkansas Trail', 'Kokkónion', 0, 817, 842),
(326, 'Randleson', 'Hyacinthe', '1 Arapahoe Trail', 'Lindome', 437, 665, 580),
(327, 'Lupton', 'Ravid', '328 Fairfield Hill', 'Piskivka', 0, 517, 565),
(328, 'Baribal', 'Jodee', '1175 Golf Course Center', 'Huagang', 0, 590, 403),
(329, 'Sainte Paul', 'Franklyn', '7 Thackeray Alley', 'Cầu Giát', 0, 423, 466),
(330, 'Jaquiss', 'Othilia', '03071 Kipling Terrace', 'Ciguha Tengah', 0, 617, 799),
(331, 'Joinson', 'Jermain', '91 Eastlawn Center', 'Suphan Buri', 96120, 498, 964),
(332, 'Westcarr', 'Oralle', '2 7th Pass', 'Fredrikstad', 1605, 536, 281),
(333, 'Tessington', 'Kip', '18 Lien Crossing', 'Sagua de Tánamo', 0, 728, 660),
(334, 'Sutheran', 'Happy', '9 Cordelia Place', 'Pianbai', 0, 880, 723),
(335, 'Splain', 'Annie', '3 Hermina Avenue', 'Manturovo', 157305, 162, 826),
(336, 'Elacoate', 'Dyna', '5126 Carioca Junction', 'Sambirejo', 0, 249, 697),
(337, 'Braganca', 'Manuel', '7959 Oak Place', 'Pizarro', 275038, 383, 817),
(338, 'Tiplady', 'Aloysius', '08 Texas Hill', 'Pingpo', 0, 961, 636),
(339, 'Meatcher', 'Ringo', '0691 Grayhawk Terrace', 'Loures', 2670, 817, 912),
(340, 'Laden', 'Carolyn', '53 Commercial Plaza', 'Kozel’shchyna', 0, 132, 723),
(341, 'Smales', 'Jens', '637 Westend Place', 'Toulon', 83092, 768, 278),
(342, 'Caston', 'Cece', '01891 Rowland Crossing', 'Shaoha', 0, 356, 183),
(343, 'Volker', 'Rodina', '40986 Lyons Street', 'Štěchovice', 387, 258, 489),
(344, 'Gullivent', 'Donnell', '71 Marquette Terrace', 'Cerrito', 0, 152, 633),
(345, 'Kembley', 'Felicia', '3088 Moland Parkway', 'Murillo', 731067, 670, 782),
(346, 'Blades', 'Oralie', '28094 Ludington Lane', 'Saint-Priest-en-Jarez', 42275, 969, 152),
(347, 'Gunny', 'Tybi', '1510 Shasta Lane', 'Jinotepe', 0, 923, 263),
(348, 'Balchen', 'Drusy', '47908 Dryden Center', 'Dallas', 75387, 214, 760),
(349, 'Filler', 'Reider', '622 Linden Pass', 'Chiara', 0, 261, 369),
(350, 'Moreinu', 'Devlen', '2 Rigney Alley', 'Vardenik', 0, 426, 983),
(351, 'Boulds', 'Klemens', '394 Eliot Crossing', 'Ô Môn', 0, 559, 163),
(352, 'Filkov', 'Kaitlyn', '4729 Elka Avenue', 'Dulovo', 7677, 222, 923),
(353, 'Entwisle', 'Blane', '1 Heffernan Terrace', 'Bailieborough', 0, 974, 570),
(354, 'Threadgould', 'Gloriana', '6147 Westport Avenue', 'Beixiaoying', 0, 470, 133),
(355, 'Kensington', 'Elia', '2656 Vidon Park', 'Ngromo', 0, 955, 742),
(356, 'Glen', 'Trent', '05390 Straubel Hill', 'Taiping', 0, 950, 794),
(357, 'McAleese', 'Julissa', '2 Oneill Street', 'Busalangga', 0, 611, 710),
(358, 'Mickan', 'Cassie', '67 Elmside Plaza', 'Luján de Cuyo', 5544, 267, 900),
(359, 'McLay', 'Mariska', '7137 Old Shore Road', 'Gongming', 0, 116, 483),
(360, 'Foley', 'Trudi', '6 School Road', 'Nové Strašecí', 271, 827, 815),
(361, 'Sapson', 'Mariele', '9 Dunning Terrace', 'Mount Ayliff', 4738, 839, 400),
(362, 'Prinn', 'Ernaline', '856 Scott Park', 'Santiago de Cao', 0, 527, 947),
(363, 'Maas', 'Rafaello', '8 Stuart Plaza', 'Goczałkowice Zdrój', 43, 121, 515),
(364, 'Reilinger', 'Tamarah', '804 Manley Avenue', 'Yangzhou', 0, 408, 743),
(365, 'Kennicott', 'Violet', '2535 Annamark Drive', 'Heshang', 0, 627, 398),
(366, 'Antoniat', 'Hank', '1 Trailsway Avenue', 'Gostyń', 63, 482, 200),
(367, 'Lodin', 'Aigneis', '984 Artisan Circle', 'Hallstahammar', 734, 697, 812),
(368, 'Plewright', 'Deina', '2015 Nobel Park', 'Kansas City', 66105, 913, 456),
(369, 'Cleyburn', 'Sella', '38 Arapahoe Drive', 'Tours', 37942, 171, 619),
(370, 'Fannon', 'Kacy', '044 Charing Cross Drive', 'Kovylkino', 431355, 525, 361),
(371, 'Garfitt', 'Hailee', '320 Loeprich Alley', 'Xinjian', 0, 479, 418),
(372, 'Rzehor', 'Dorian', '209 Blue Bill Park Terrace', 'Koina', 0, 517, 673),
(373, 'Werrett', 'Tove', '313 Jenna Pass', 'Jiulongshan', 0, 832, 975),
(374, 'Skade', 'Erhart', '5661 Hollow Ridge Junction', 'Hanfeng', 0, 719, 409),
(375, 'Steabler', 'Lynea', '0 Stoughton Circle', 'Unden', 0, 428, 343),
(376, 'Eloi', 'Joby', '40599 Emmet Alley', 'Neklyudovo', 606470, 783, 613),
(377, 'Bliven', 'Boy', '53146 Packers Lane', 'Isehara', 277, 823, 648),
(378, 'Brattan', 'Quent', '5 Hallows Trail', 'Xinchengzi', 0, 673, 185),
(379, 'Whistlecroft', 'Michal', '7 Hoepker Point', 'Miandrivazo', 0, 391, 154),
(380, 'Jahnke', 'Danni', '401 Talmadge Drive', 'Karangranjong', 0, 722, 511),
(381, 'Ferrao', 'Asia', '912 Saint Paul Hill', 'Umuarama', 87500, 855, 269),
(382, 'Dulton', 'Care', '36 Holmberg Circle', 'Västra Frölunda', 426, 342, 166),
(383, 'Elt', 'Fabiano', '35748 Bartelt Parkway', 'Sundbyberg', 174, 311, 868),
(384, 'Durie', 'Bat', '1505 Northwestern Way', 'Zoumaling', 0, 794, 954),
(385, 'Lafford', 'Kay', '8948 Brown Hill', 'Jinshan', 0, 406, 716),
(386, 'Smeall', 'Gonzalo', '0743 Barnett Point', 'Maisí', 0, 947, 211),
(387, 'Tudbald', 'Mignon', '1 Dakota Terrace', 'Buffalo', 14276, 716, 320),
(388, 'MacGinley', 'Yorgo', '18479 Forest Run Crossing', 'Maikawada', 0, 908, 350),
(389, 'Tedorenko', 'Andras', '80 Straubel Park', 'Ozerki', 309092, 167, 952),
(390, 'Masurel', 'Pierre', '08778 Russell Alley', 'Bitin', 4117, 387, 924),
(391, 'Castells', 'Boycie', '334 Ronald Regan Avenue', 'Salamanca', 37005, 905, 767),
(392, 'Leehane', 'Jordain', '5136 Sullivan Lane', 'Tambong', 5209, 562, 447),
(393, 'Bunker', 'Steward', '35185 Oak Court', 'Đống Đa', 0, 742, 870),
(394, 'Mitchenson', 'Bradly', '1553 Almo Lane', 'Sanjiang', 0, 525, 766),
(395, 'Ingham', 'Tiertza', '7 Duke Junction', 'Kladanj', 0, 327, 432),
(396, 'Cunniffe', 'Durante', '540 Oneill Lane', 'Pulau Pinang', 10840, 637, 233),
(397, 'Itter', 'Claybourne', '463 Bellgrove Court', 'Tsybli', 0, 835, 571),
(398, 'Emney', 'Alayne', '89 Canary Court', 'Sanchahe', 0, 738, 854),
(399, 'Verrier', 'Tybie', '90108 Bonner Lane', 'Balyaga', 673020, 982, 677),
(400, 'Lyston', 'Valma', '64 Maple Wood Point', 'Lom Sak', 67110, 681, 634),
(401, 'Mowbray', 'Mattheus', '7347 Buhler Avenue', 'Siedlce', 33, 914, 741),
(402, 'Fritchley', 'Frasco', '01 Roth Road', 'Phu Kradueng', 42180, 343, 537),
(403, 'Dadge', 'Antonie', '0011 Novick Drive', 'Krinichnaya', 0, 540, 935),
(404, 'Yankov', 'Shirl', '0 Shoshone Plaza', 'Popayán', 190018, 470, 989),
(405, 'Hayter', 'Luz', '24315 Arapahoe Place', 'Hutou', 0, 598, 181),
(406, 'Vondruska', 'Callean', '856 Sage Court', 'Puger', 0, 701, 294),
(407, 'Kenningham', 'Dyann', '61 Clove Street', 'Tasīl', 0, 809, 723),
(408, 'Stoak', 'Camella', '0 Dottie Trail', 'Luofang', 0, 549, 182),
(409, 'Buckingham', 'Ofilia', '38094 Packers Point', 'Karangtawar', 0, 634, 103),
(410, 'Battie', 'Clementia', '4 Banding Road', 'Kiraman', 0, 341, 228),
(411, 'Gosden', 'Alethea', '2410 Acker Drive', 'Rabak', 0, 866, 112),
(412, 'De Giorgis', 'Fannie', '5 Summerview Road', 'Ypacarai', 0, 333, 512),
(413, 'Dugald', 'Agnese', '957 Eagan Way', 'São Francisco do Sul', 89240, 888, 690),
(414, 'Center', 'Clary', '223 Prairieview Pass', 'Grahamstown', 6150, 392, 665),
(415, 'Kroch', 'Shayla', '8 Graedel Street', 'Frederiksberg', 1906, 669, 273),
(416, 'Campany', 'Tatum', '51417 Arapahoe Trail', 'Sastöbe', 0, 852, 206),
(417, 'Slym', 'Ferdie', '80669 Kipling Road', 'Dzüyl', 0, 161, 830),
(418, 'Ovill', 'Drucill', '54 Saint Paul Terrace', 'Sanxi', 0, 221, 633),
(419, 'Pudney', 'Pen', '20501 Jenna Alley', 'Pesochnoye', 662360, 872, 528),
(420, 'Flook', 'Kimberli', '6560 Brentwood Pass', 'Selemadeg Kelod', 0, 264, 341),
(421, 'Grzegorczyk', 'Claretta', '3827 Barby Lane', 'Canjulao', 6309, 514, 687),
(422, 'Brangan', 'Eba', '18 International Way', 'Kórnik', 62, 761, 918),
(423, 'Strangeways', 'Carl', '873 8th Junction', 'Macheng', 0, 778, 654),
(424, 'Honniebal', 'Aime', '37378 Sommers Pass', 'Alfta', 822, 918, 776),
(425, 'Brumpton', 'Chiarra', '2 Bartelt Place', 'Kumla', 692, 811, 975),
(426, 'Wilkenson', 'Carlee', '990 Barnett Circle', 'Belo', 0, 117, 908),
(427, 'Fannon', 'Ward', '01538 Summer Ridge Lane', 'Uijeongbu-si', 0, 660, 269),
(428, 'Kochel', 'Avie', '24 Randy Center', 'Lipinki Łużyckie', 68, 576, 405),
(429, 'Worviell', 'Ilse', '023 Esker Center', 'Dodola', 0, 334, 527),
(430, 'Wrefford', 'Jud', '9 Swallow Place', 'Atlanta', 30323, 770, 914),
(431, 'Sherme', 'Elyn', '0 Westridge Parkway', 'Mirimire', 0, 346, 548),
(432, 'Sirr', 'Derick', '476 School Hill', 'Gložan', 0, 101, 393),
(433, 'Penvarden', 'Nissy', '2 Northport Plaza', 'Bancak Wetan', 0, 807, 191),
(434, 'Charpin', 'Dion', '28356 Oak Alley', 'Chybie', 43, 443, 116),
(435, 'Keeting', 'Grady', '71868 Merchant Lane', 'Nässjö', 571, 540, 809),
(436, 'Krammer', 'Paige', '6067 2nd Plaza', 'Shahre Jadide Andisheh', 0, 409, 198),
(437, 'La Padula', 'Kristian', '2172 Hanson Drive', 'Hengshan', 0, 892, 902),
(438, 'Gonzalo', 'Karissa', '450 Forest Dale Park', 'Georgiyevka', 446416, 223, 944),
(439, 'Chatters', 'Mollie', '708 Mendota Crossing', 'Kanazawa-shi', 924, 853, 353),
(440, 'Swidenbank', 'Shaw', '9935 Duke Circle', 'Jabłoń', 21, 671, 113),
(441, 'Dalgardno', 'Anette', '0791 Straubel Point', 'Guxian', 0, 177, 170),
(442, 'Waylett', 'Dorree', '36689 Haas Drive', 'Tonkino', 612720, 595, 553),
(443, 'Bodham', 'Francis', '7091 Judy Street', 'Abucay', 2114, 602, 584),
(444, 'Freeborn', 'Shari', '727 Oakridge Pass', 'Vichadero', 0, 803, 693),
(445, 'Pobjay', 'Dalila', '73848 Washington Street', 'Panchagarh', 8530, 900, 458),
(446, 'Koene', 'De witt', '7026 Bartelt Way', 'Coayllo', 0, 993, 509),
(447, 'Knowling', 'Roth', '5418 Porter Avenue', 'Brengkok', 0, 769, 452),
(448, 'Hug', 'Creight', '75 Melvin Place', 'Fuxing', 0, 205, 490),
(449, 'Perocci', 'Allyn', '7332 Lighthouse Bay Junction', 'Lutowiska', 38, 180, 554),
(450, 'Eastcott', 'Rahal', '213 Barnett Way', 'Haliut', 0, 571, 759),
(451, 'Ambrosio', 'Gwenore', '3 North Crossing', 'Jiangchuan', 0, 346, 600),
(452, 'Salzburger', 'Juan', '0089 Wayridge Plaza', 'Goiânia', 74000, 317, 576),
(453, 'McCuis', 'Minor', '97053 Saint Paul Lane', 'Gunungjulang', 0, 944, 404),
(454, 'Whiteland', 'Colan', '4 Scott Circle', 'Skaramangás', 0, 614, 393),
(455, 'Shotbolt', 'Nataline', '40742 Farragut Terrace', 'Delvinë', 0, 206, 281),
(456, 'Bucktrout', 'Ed', '36 Eagle Crest Street', 'Vistino', 188478, 791, 725),
(457, 'Bessom', 'Jocelyne', '292 Butterfield Junction', 'Béthune', 62404, 503, 159),
(458, 'Blick', 'Moina', '6 Southridge Court', 'Woshui', 0, 495, 850),
(459, 'Tassell', 'Corby', '4 Graceland Avenue', 'Vyšší Brod', 382, 295, 533),
(460, 'Poyzer', 'Oliver', '48196 Oxford Junction', 'Uinskoye', 617520, 224, 612),
(461, 'Braker', 'Lela', '93450 Fairfield Road', 'Satis', 607328, 997, 526),
(462, 'Rauprich', 'Selestina', '447 Almo Alley', 'Krajan Kinanti', 0, 920, 526),
(463, 'Gallamore', 'Idalina', '448 Bunker Hill Crossing', 'Codajás', 69450, 137, 645),
(464, 'Mound', 'August', '75 Waubesa Hill', 'La Sarrosa', 0, 912, 655),
(465, 'Drake', 'Amelita', '0128 Daystar Junction', 'Pangkalanbuun', 0, 364, 250),
(466, 'Chinnick', 'Bailie', '8843 Chive Court', 'Ampahana', 0, 413, 744),
(467, 'Treleaven', 'Damara', '80964 Hayes Junction', 'Huanghua', 0, 997, 449),
(468, 'Jiruca', 'Berni', '8710 Melrose Drive', 'Conceição da Barra', 29960, 734, 877),
(469, 'Marcinkus', 'Sheppard', '452 Ruskin Place', 'Lukićevo', 0, 897, 814),
(470, 'Lainton', 'Mollee', '244 Sycamore Alley', 'Faratsiho', 0, 508, 249),
(471, 'Luparti', 'Gianni', '279 Chive Avenue', 'Kishkenekol’', 0, 450, 104),
(472, 'Boyan', 'Darcie', '2162 Scott Hill', 'Jaboatão', 87300, 208, 295),
(473, 'Winkle', 'Delmor', '5 Sauthoff Trail', 'Pila', 4010, 164, 666),
(474, 'Solano', 'Erhard', '576 Dexter Alley', 'Budzów', 34, 299, 178),
(475, 'Luscott', 'Franny', '5378 Scofield Park', 'Dazhongzhuang', 0, 964, 996),
(476, 'Simcock', 'Dena', '73177 Melody Court', 'Holýšov', 345, 867, 237),
(477, 'Wynrahame', 'Fanchette', '36923 Bowman Center', 'As Sawdā', 0, 603, 929),
(478, 'Feilden', 'Heda', '62 Vahlen Terrace', 'Tianshan', 0, 146, 230),
(479, 'Kinney', 'Minnie', '4100 Fairfield Street', 'Fuwah', 0, 725, 210),
(480, 'Hattiff', 'Anetta', '9656 Cherokee Center', 'Brejoeira', 2860, 401, 802),
(481, 'Buttery', 'Alla', '53 Eagan Avenue', 'Nangalimang', 0, 484, 675),
(482, 'Heasman', 'Adrian', '13558 Riverside Trail', 'Dengzhou', 0, 880, 660),
(483, 'Pellman', 'Geoff', '258 Park Meadow Avenue', 'Montijo', 2870, 310, 243),
(484, 'Oxherd', 'Caye', '6 1st Point', 'Meaux', 77104, 844, 429),
(485, 'Cowton', 'Alan', '71 Meadow Valley Terrace', 'Villanueva', 130537, 704, 605),
(486, 'Carus', 'Clayborn', '9551 Manitowish Circle', 'Jingcheng', 0, 569, 861),
(487, 'Sidon', 'Geri', '91784 7th Center', 'Bol’shoye Skuratovo', 243366, 558, 365),
(488, 'Hollyard', 'Lynsey', '940 Hoard Junction', 'Pavshino', 416102, 825, 621),
(489, 'Simao', 'Cacilie', '4 Elka Plaza', 'Semongkat', 0, 170, 585),
(490, 'Damant', 'Benedicta', '1 Prairie Rose Terrace', 'Wugui', 0, 803, 920),
(491, 'Fields', 'Walden', '449 Vidon Way', 'Zelmeņi', 0, 118, 570),
(492, 'Anthonsen', 'Rock', '7189 Kipling Way', 'Sinilian First', 2509, 195, 352),
(493, 'Andres', 'Isiahi', '6113 Dwight Way', 'Voskresenskoye', 606735, 346, 766),
(494, 'Samwyse', 'Heath', '27165 Dovetail Pass', 'São Torcato', 4800, 248, 474),
(495, 'Batchelour', 'Druci', '95637 Ruskin Street', 'Ḥurfeish', 0, 989, 851),
(496, 'Remington', 'Wildon', '2372 Colorado Trail', 'Makuyuni', 0, 464, 203),
(497, 'Grayland', 'Esta', '06620 Basil Place', 'Hronov', 549, 165, 632),
(498, 'Tummons', 'Sibilla', '757 Mosinee Terrace', 'Mabilog', 2826, 259, 590),
(499, 'Coon', 'Ethelda', '0 Lerdahl Terrace', 'Nekhayevskiy', 347037, 814, 465),
(500, 'Tanzer', 'Dusty', '7476 Tennessee Alley', 'Eqbālīyeh', 0, 714, 682),
(501, 'Passey', 'Archibaldo', '416 Carey Court', 'Yanchi', 0, 389, 495),
(502, 'Housam', 'Fred', '8099 Northport Avenue', 'Xinghai', 0, 222, 415),
(503, 'Giffkins', 'Bessie', '0114 Charing Cross Parkway', 'Jianchang', 0, 696, 324),
(504, 'Pembridge', 'Alfie', '89 Lakewood Way', 'Busan', 0, 364, 203),
(505, 'Lezemore', 'Gerek', '76019 Acker Park', 'Koktokay', 0, 319, 714),
(506, 'Kix', 'Bancroft', '95197 Daystar Trail', '\'Ali Sabieh', 0, 195, 289),
(507, 'Brixey', 'Valery', '35714 Cambridge Center', 'Chang’an', 0, 478, 568),
(508, 'Paggitt', 'Salomon', '568 Pierstorff Point', 'Jerada', 0, 139, 292),
(509, 'Nucator', 'Sidnee', '985 Rigney Circle', 'Hulitu', 0, 137, 557),
(510, 'Druhan', 'Sallyann', '55 Shelley Hill', 'Matias Olímpio', 64150, 371, 399),
(511, 'Rumsby', 'Consuela', '0 Di Loreto Terrace', 'Ust’-Dzheguta', 369312, 245, 501),
(512, 'Whitford', 'Ara', '05713 Dwight Trail', 'Amieira do Tejo', 6050, 192, 966),
(513, 'Derdes', 'Dru', '005 Ohio Court', 'Huai’an', 0, 520, 969),
(514, 'de Lloyd', 'Alyda', '3 Jenna Alley', 'Horrom', 0, 734, 107),
(515, 'Sizzey', 'Durand', '86 American Ash Avenue', 'Outeiro', 4540, 846, 465),
(516, 'Case', 'Maurise', '0 Upham Court', 'Daliu', 0, 651, 906),
(517, 'Walduck', 'Marylin', '86 Cascade Crossing', 'Urus-Martan', 366510, 747, 562),
(518, 'Stayte', 'Viviene', '97 Stone Corner Terrace', 'Nīca', 0, 100, 483),
(519, 'Duffil', 'Mayor', '82391 Pond Parkway', 'Chanthaburi', 24120, 395, 908),
(520, 'Cauderlie', 'Adina', '91 Kingsford Hill', 'Temizhbekskaya', 352177, 998, 159),
(521, 'Vynall', 'Bank', '90 Laurel Lane', 'Kavadarci', 1430, 102, 104),
(522, 'Habbergham', 'Bernadine', '55130 Jana Plaza', 'Tagta', 0, 983, 702),
(523, 'Jenckes', 'Garey', '487 Transport Place', 'Svay Rieng', 0, 117, 284),
(524, 'Schellig', 'Amelie', '52637 Cody Way', 'Aleksandrovac', 0, 455, 827),
(525, 'Dhennin', 'Amalie', '8 Vernon Way', 'Liutan', 0, 842, 792),
(526, 'Loft', 'Maressa', '6 Summerview Hill', 'Wawa', 0, 950, 342),
(527, 'Balls', 'Sherri', '371 Kinsman Circle', 'Hongchang', 0, 687, 135),
(528, 'Danilchenko', 'Sylas', '39835 Golf Course Plaza', 'Dadap', 0, 674, 895),
(529, 'Mosby', 'Abagail', '4401 Evergreen Drive', 'Soure', 68870, 133, 140),
(530, 'McArtan', 'Dukie', '5810 Calypso Crossing', 'Shouxihu', 0, 271, 682),
(531, 'Emeney', 'Leeanne', '5558 Corry Terrace', 'Karolinka', 756, 777, 540),
(532, 'Fleming', 'Claus', '7 Butterfield Center', 'Áno Merá', 0, 106, 472),
(533, 'Millier', 'Joete', '2700 Grasskamp Avenue', 'General Martín Miguel de Güemes', 5383, 484, 385),
(534, 'Weedon', 'Muffin', '14659 Melody Avenue', 'Kingston', 0, 922, 874),
(535, 'Layus', 'Frants', '07574 Jackson Crossing', 'Otok', 40323, 399, 791),
(536, 'Aimeric', 'Karin', '921 West Way', 'Goya', 3450, 563, 976),
(537, 'Ridges', 'Brooks', '58825 Tomscot Crossing', 'Hekou', 0, 429, 837),
(538, 'Wincom', 'Mallorie', '794 Stephen Road', 'Hisor', 0, 527, 500),
(539, 'Sandon', 'Jillane', '22827 Delladonna Road', 'Martakert', 0, 397, 922),
(540, 'Mattersley', 'Rosanne', '235 Moulton Trail', 'Mafa', 0, 984, 361),
(541, 'Lippini', 'Eloisa', '5 Moulton Alley', 'Piru', 0, 881, 241),
(542, 'Terrelly', 'Otto', '425 Jana Court', 'Kolomyagi', 198264, 219, 836),
(543, 'Sherebrook', 'Bruno', '7271 Gateway Street', 'Singaraja', 0, 154, 730),
(544, 'Kem', 'Mignonne', '0413 Wayridge Trail', 'Luebo', 0, 765, 610),
(545, 'Dechelette', 'Sashenka', '9300 Granby Junction', 'Belung Satu', 0, 460, 830),
(546, 'Roath', 'Eduino', '7759 4th Parkway', 'Magang', 0, 191, 208),
(547, 'Henstridge', 'Sonnie', '18813 Brickson Park Way', 'Waiwejak', 0, 296, 645),
(548, 'Staresmeare', 'Leonelle', '8 Mallard Parkway', 'Kardhiq', 0, 224, 687),
(549, 'Bedingfield', 'Carmon', '2 Comanche Court', 'Clermont-Ferrand', 63032, 384, 304),
(550, 'Ossipenko', 'Gabie', '916 Harper Point', 'Luozhuang', 0, 620, 837),
(551, 'Sedgebeer', 'Aurelie', '25 Waubesa Trail', 'Corozal', 705039, 704, 882),
(552, 'Carrivick', 'Christie', '151 Sugar Road', 'Shumikhinskiy', 618283, 126, 468),
(553, 'Allmark', 'Ardenia', '49981 Weeping Birch Center', 'Girihieum', 0, 675, 245),
(554, 'Pancoast', 'Missy', '637 2nd Street', 'Klimontów', 32, 333, 502),
(555, 'Yvens', 'Jeane', '42 Russell Lane', 'Shuangxing', 0, 929, 932),
(556, 'Scardifield', 'Brod', '658 Warrior Drive', 'Quwa', 0, 799, 813),
(557, 'Khristoforov', 'Even', '5703 Oneill Way', 'Melita', 0, 809, 232),
(558, 'Abby', 'Donia', '0867 Forest Dale Hill', 'Shizunai-furukawachō', 942, 335, 641),
(559, 'Boustead', 'Anetta', '79934 Bonner Alley', 'Fentange', 0, 787, 675),
(560, 'Otterwell', 'Pamella', '01 Anhalt Park', 'Zhangjiapan', 0, 577, 368),
(561, 'Nys', 'Gael', '27 Maywood Road', 'Bukuru', 0, 951, 963),
(562, 'Uglow', 'Fallon', '98302 Mariners Cove Crossing', 'Kongkeshu', 0, 436, 495),
(563, 'Garmons', 'Evyn', '558 Maple Street', 'San Manuel', 2438, 142, 320),
(564, 'Dallimore', 'Naomi', '84989 Corry Court', 'Subulussalam', 0, 860, 623),
(565, 'Burness', 'Elia', '14523 Riverside Park', 'Lubowidz', 9, 392, 103),
(566, 'Cleghorn', 'Lou', '7 Prairie Rose Crossing', 'Kälviä', 68300, 293, 702),
(567, 'Gretton', 'Pebrook', '2 Walton Point', 'Černošice', 252, 970, 538),
(568, 'Stuckley', 'Rodrigo', '0470 Lighthouse Bay Circle', 'Wakiso', 0, 136, 124),
(569, 'Crat', 'Barby', '768 Loeprich Lane', 'Lom Kao', 67120, 849, 935),
(570, 'Stradling', 'Cos', '01 Cascade Circle', 'Qal‘at al Andalus', 0, 456, 453),
(571, 'Durnall', 'Gwenette', '396 Waywood Alley', 'Kwaluseni', 0, 456, 188),
(572, 'Shepherdson', 'Erika', '6 Rowland Parkway', 'Naji', 0, 271, 797),
(573, 'Barbosa', 'Templeton', '93722 Jenna Road', 'Ferreiras', 8200, 425, 163),
(574, 'Tetlow', 'Hyacinthe', '6 Mcguire Parkway', 'Shajing', 0, 924, 214),
(575, 'Bounde', 'Klarika', '155 Twin Pines Alley', 'Metsovo', 0, 167, 665),
(576, 'Gorden', 'Lianna', '4025 Cottonwood Hill', 'Huangsha', 0, 812, 546),
(577, 'Dyers', 'Marisa', '5 Bashford Center', 'Dachnoye', 422156, 286, 312),
(578, 'Bartleet', 'Jeramie', '18 East Street', 'Maydolong', 6802, 512, 431),
(579, 'Gerard', 'Harwell', '13 Burning Wood Drive', 'Kagawasan', 7036, 525, 956),
(580, 'Payley', 'Powell', '52704 Tony Road', 'Mae Sot', 63110, 101, 702),
(581, 'Dunsmuir', 'Ignazio', '11680 Mockingbird Center', 'Adolfo Lopez Mateos', 94324, 490, 651),
(582, 'Higford', 'Matilde', '39 Pond Park', 'Offenbach', 63073, 540, 719),
(583, 'Brownjohn', 'Jaymie', '5452 Stuart Pass', 'Daming', 0, 161, 165),
(584, 'Addey', 'Ingaberg', '63 Shopko Hill', 'Wenxing', 0, 257, 490),
(585, 'Tanzig', 'Midge', '0 Menomonie Parkway', 'Linxihe', 0, 990, 187),
(586, 'Durward', 'Sherry', '873 Butterfield Court', 'Dolní Dunajovice', 691, 650, 362),
(587, 'Goulbourne', 'Sigmund', '9 Prentice Center', 'Ciroyom', 0, 892, 965),
(588, 'Fibbens', 'Falkner', '8189 Derek Alley', 'Newlands', 7700, 463, 312),
(589, 'Kibbee', 'Blondy', '0181 Saint Paul Alley', 'Shuixi', 0, 341, 291),
(590, 'Huntar', 'Nichole', '74 Derek Trail', 'Paltashaco', 0, 256, 746),
(591, 'Ropert', 'Cybill', '00227 Spenser Drive', 'Stamboliyski', 4223, 553, 668),
(592, 'Goulborn', 'Carolin', '08502 Caliangt Drive', 'Bajing', 0, 110, 173),
(593, 'Lagadu', 'Bev', '9235 Ludington Alley', 'Zásmuky', 281, 850, 542),
(594, 'Rijkeseis', 'Omero', '346 Packers Avenue', 'Toulouse', 31201, 692, 660),
(595, 'Stanborough', 'Hollie', '32 International Drive', 'Knin', 22300, 798, 946),
(596, 'Elgie', 'Phineas', '21 Mendota Circle', 'Bohorodchany', 0, 378, 225),
(597, 'Bullus', 'Betti', '5 Becker Alley', 'Taungdwingyi', 0, 209, 258),
(598, 'Knyvett', 'Carly', '6296 Pierstorff Lane', 'Cerava', 0, 730, 870),
(599, 'Pavolillo', 'Alasteir', '7 Sugar Way', 'Burirao', 9222, 809, 723),
(600, 'Darco', 'Flin', '5 Sachs Court', 'Ngenden', 0, 481, 266),
(601, 'Fist', 'Christie', '45344 Donald Crossing', 'Shinyanga', 0, 570, 195),
(602, 'Capaldi', 'Bryan', '99177 Vernon Court', 'Isiolo', 0, 134, 489),
(603, 'Arnald', 'Edmund', '2113 Stang Plaza', 'Parravak’ar', 0, 471, 755),
(604, 'Izak', 'Adel', '067 Anzinger Crossing', 'Miramar', 5143, 229, 278),
(605, 'Beaze', 'April', '232 Longview Terrace', 'Linjiang', 0, 106, 854),
(606, 'Sallans', 'Northrup', '44551 Anthes Parkway', 'Chajarí', 3228, 979, 297),
(607, 'Golden', 'Alexandre', '8637 Ronald Regan Trail', 'Xinglong', 0, 455, 996),
(608, 'Gennerich', 'Dasie', '78327 Jay Alley', 'Gornorechenskiy', 692425, 249, 530),
(609, 'Pietrasik', 'Hashim', '73 Fordem Plaza', 'Tešanj', 0, 237, 280),
(610, 'Wisdom', 'Marchall', '4039 Derek Way', 'Guiwu', 0, 801, 571),
(611, 'Ockland', 'Adiana', '48 Paget Park', 'Río Segundo', 5972, 230, 418),
(612, 'Klouz', 'Harold', '56 Buena Vista Court', 'Pondokunyur', 0, 472, 679),
(613, 'Connor', 'Dud', '64785 Darwin Center', 'San Francisco', 8501, 889, 209),
(614, 'O\'Scully', 'Wakefield', '326 Mallory Street', 'Lyon', 69464, 985, 534),
(615, 'Bartoszek', 'Anallese', '1 Donald Place', 'Xinyang', 0, 925, 427),
(616, 'Connerry', 'Talyah', '011 Shasta Parkway', 'Anjirmuara', 0, 900, 716),
(617, 'Dews', 'Roselle', '17 Prairieview Hill', 'Fengyang', 0, 526, 172),
(618, 'Brandle', 'Gregorio', '4 Graceland Avenue', 'Buštěhrad', 273, 656, 411),
(619, 'Fennell', 'Ilysa', '1 Coolidge Road', 'Jedlińsk', 26, 136, 410),
(620, 'Flawith', 'Juditha', '75463 Maple Junction', 'Xuguang', 0, 647, 248),
(621, 'Heffernon', 'Gaylord', '509 Fallview Way', 'Xiaoying', 0, 630, 686),
(622, 'Coaker', 'June', '9166 Dunning Parkway', 'Guadalupe', 45310, 174, 650),
(623, 'Popple', 'Gordy', '64 Golden Leaf Center', 'Basel', 4024, 323, 489),
(624, 'Lowdes', 'Maegan', '515 Straubel Point', 'Pinamalayan', 5208, 215, 348),
(625, 'Dodding', 'Timmie', '9390 Kings Alley', 'Jardia', 2870, 201, 577),
(626, 'Barks', 'Dare', '3968 Memorial Crossing', 'Ribamar', 2530, 492, 798),
(627, 'Anear', 'Winne', '7801 Schmedeman Hill', 'Fasi', 0, 721, 450),
(628, 'Ropcke', 'Arvie', '5722 Clarendon Pass', 'Żelistrzewo', 84, 860, 903),
(629, 'Ferenczy', 'Logan', '882 Hoffman Circle', 'Pajo', 1665, 210, 155),
(630, 'Hansie', 'Rhetta', '22 Hermina Trail', 'Krásná Lípa', 430, 830, 337),
(631, 'Croix', 'Padriac', '09036 Schmedeman Plaza', 'Tuateta', 0, 489, 441),
(632, 'Bjorkan', 'Karolina', '5184 Russell Place', 'Gingsir', 0, 289, 352),
(633, 'Handover', 'Peggie', '34 Summerview Plaza', 'Chahannao', 0, 359, 445),
(634, 'Spurrett', 'Kasey', '1 Esker Crossing', 'Al Bājūr', 0, 380, 128),
(635, 'Bullivant', 'Tito', '2888 Lakewood Gardens Terrace', 'Gressier', 0, 769, 164),
(636, 'Bainton', 'Tabitha', '73261 Manufacturers Circle', 'Seremban', 70504, 175, 225),
(637, 'Challes', 'Frank', '2428 Texas Avenue', 'Harrisburg', 17121, 717, 742),
(638, 'Wrist', 'Marcellina', '06 Mifflin Alley', 'Maastricht', 6224, 354, 860),
(639, 'Ghent', 'Giovanni', '0369 Bonner Pass', 'Hoorn', 1624, 797, 384),
(640, 'Mussilli', 'Lorrayne', '636 Victoria Terrace', 'Mempawah', 0, 499, 862),
(641, 'Sutherby', 'Catlin', '9 Forster Lane', 'Shangsanji', 0, 786, 571),
(642, 'Ryland', 'Trixy', '87598 Florence Street', 'Itapemirim', 29330, 817, 811),
(643, 'Hallt', 'Roxana', '754 Bluejay Court', 'Baratan', 0, 143, 435),
(644, 'Hallan', 'Chas', '9362 Oak Pass', 'Nevers', 58017, 736, 643),
(645, 'Helm', 'Lorette', '44 Dryden Crossing', 'São Sebastião do Caí', 95760, 428, 672),
(646, 'Douch', 'Nalani', '84914 Northport Terrace', 'Khalkhāl', 0, 644, 845),
(647, 'Fourcade', 'Saba', '43812 Mandrake Parkway', 'Doumen', 0, 314, 385),
(648, 'Posnette', 'Blake', '07 Calypso Court', 'Stakhanov', 0, 193, 265),
(649, 'Grave', 'Erl', '6 Anniversary Street', 'Marseille', 13568, 834, 696),
(650, 'Ferraresi', 'Brod', '0506 Lighthouse Bay Way', 'Parabcan', 4424, 905, 631),
(651, 'Stigell', 'Robbert', '23 Forster Street', 'Xiashe', 0, 827, 100),
(652, 'Gatley', 'Olivia', '541 Elmside Point', 'Tohong', 0, 404, 219),
(653, 'Shalliker', 'Henderson', '6388 Petterle Drive', 'Paris La Défense', 92056, 263, 667),
(654, 'Quantrill', 'Irving', '78837 Heath Parkway', 'Armash', 0, 874, 951),
(655, 'Dumphries', 'Mattias', '23 Park Meadow Center', 'Kakaek', 0, 228, 735),
(656, 'Dunlap', 'Sonia', '180 Canary Plaza', 'Santiago Vázquez', 0, 349, 621),
(657, 'O Mullen', 'Chaddy', '6 Eastwood Place', 'São Caetano do Sul', 9500, 466, 508),
(658, 'Glyn', 'Jo', '63687 Gina Court', 'Barg-e Matāl', 0, 484, 403),
(659, 'Garms', 'Koressa', '04256 Mendota Center', 'Tokār', 0, 885, 680),
(660, 'Renforth', 'Kati', '260 Del Mar Crossing', 'Duozhu', 0, 295, 604),
(661, 'Purdon', 'Ammamaria', '09 Center Pass', 'Aylmer', 0, 783, 832),
(662, 'Caslake', 'Lydie', '898 Clemons Place', 'Lerrnanist', 0, 670, 792),
(663, 'Del Checolo', 'Lindy', '3610 Vahlen Park', 'Riosucio', 178057, 943, 458),
(664, 'Molines', 'Ossie', '167 Blackbird Alley', 'Vondrozo', 0, 990, 193),
(665, 'Hellyar', 'Emlynn', '1919 Dakota Road', 'Hrodna', 0, 344, 959),
(666, 'Ivison', 'Tremaine', '1 Maywood Avenue', 'Jurangjero', 0, 887, 228),
(667, 'Kinchlea', 'Tremain', '06141 Bonner Way', 'Sorodot', 0, 760, 525),
(668, 'Brownsea', 'Di', '59843 Iowa Place', 'Al Ḩarajah', 0, 194, 333),
(669, 'Lennarde', 'Adiana', '9 Moland Court', 'La Falda', 4640, 833, 633);
INSERT INTO `propriétaire` (`id`, `nom`, `Prénom`, `adresse`, `ville`, `cp`, `téléphone`, `mobile`) VALUES
(670, 'Batchelor', 'Thaine', '721 Cherokee Terrace', 'Katovice', 387, 281, 272),
(671, 'Vannini', 'Malachi', '9 Holy Cross Court', 'Neftekamsk', 452696, 667, 528),
(672, 'Twiggs', 'Aurel', '2 Main Crossing', 'Avlónas', 0, 159, 427),
(673, 'McGinty', 'Cole', '7 Bobwhite Drive', 'Jiazhuyuan', 0, 798, 123),
(674, 'Fincher', 'Ryun', '44 Spenser Way', 'Järna', 153, 699, 588),
(675, 'Angerstein', 'Brewer', '32 Trailsway Trail', 'Tarvasjoki', 21450, 674, 551),
(676, 'Cubley', 'Lauraine', '288 Rigney Place', 'Pedro Santana', 11705, 191, 195),
(677, 'Nickolls', 'Vania', '6 Hayes Park', 'Sizao', 0, 140, 725),
(678, 'Saye', 'Beverie', '71 Sunfield Pass', 'Galesong', 0, 618, 480),
(679, 'Pettifer', 'Tim', '4 Lighthouse Bay Road', 'Zhaolingpu', 0, 388, 385),
(680, 'Sprowell', 'Christian', '498 Anzinger Point', 'Hat Yai', 90110, 895, 598),
(681, 'Winser', 'Eben', '30 Lakewood Gardens Trail', 'Youssoufia', 0, 428, 155),
(682, 'Tidmarsh', 'Thaddeus', '35461 Larry Way', 'Dubrovnik', 20000, 233, 839),
(683, 'Lowrance', 'Quent', '41 Rockefeller Court', 'Cinagrog Girang', 0, 150, 906),
(684, 'Durrett', 'Kelbee', '39882 Bartelt Lane', 'Banjar Beratan', 0, 250, 283),
(685, 'Cockill', 'Heddi', '3592 Westend Trail', 'Yilkiqi', 0, 533, 484),
(686, 'Thomesson', 'Jillene', '13804 Cardinal Avenue', 'Boshan', 0, 426, 398),
(687, 'Gatherer', 'Sandie', '008 American Plaza', 'Chaiyaphum', 36180, 857, 283),
(688, 'Gauford', 'Rodrique', '7753 New Castle Drive', 'Tambakan', 0, 992, 727),
(689, 'Waldren', 'Roddy', '6455 Grasskamp Lane', 'Río de Oro', 205048, 879, 952),
(690, 'Allebone', 'Devi', '7 Oneill Point', 'Satita', 0, 837, 979),
(691, 'Thoms', 'Jackie', '0104 Lakewood Junction', 'Aioi', 999, 191, 736),
(692, 'Carnier', 'Jenny', '6 Gateway Parkway', 'Gandusari', 0, 745, 643),
(693, 'Hissett', 'Northrop', '612 Colorado Point', 'Sonzacate', 0, 901, 786),
(694, 'Greenlees', 'Julee', '256 Warbler Place', 'Druzhba', 0, 732, 884),
(695, 'Mountain', 'Marlow', '16 Farwell Crossing', 'Río Alejandro', 0, 461, 353),
(696, 'Rosencrantz', 'Sibella', '9849 Algoma Street', 'Isniq', 0, 298, 429),
(697, 'Leeson', 'Luce', '3 Melby Lane', 'Kosan', 0, 864, 127),
(698, 'Tomasz', 'Tammy', '43833 Beilfuss Avenue', 'Mehrābpur', 79051, 437, 334),
(699, 'Reinmar', 'Marni', '0 2nd Center', 'Jiatou', 0, 333, 691),
(700, 'Childs', 'Nedi', '62803 Corry Point', 'Taihua', 0, 994, 378),
(701, 'Guiver', 'Una', '86021 Melvin Lane', 'Chenggan', 0, 886, 774),
(702, 'Abad', 'Brok', '81762 Northport Avenue', 'Trawniki', 21, 994, 850),
(703, 'Reedick', 'Matty', '07 Fisk Parkway', 'Aldeia do Bispo', 6090, 971, 114),
(704, 'Nitti', 'Jaymie', '0111 Union Lane', 'Qingguang', 0, 528, 539),
(705, 'O\' Meara', 'Carrie', '70465 Saint Paul Plaza', 'Slunj', 47240, 317, 317),
(706, 'Tranter', 'Lalo', '143 Sundown Circle', 'Sharjah', 0, 413, 268),
(707, 'Murford', 'Stanleigh', '2 American Junction', 'Brandfort', 9400, 364, 560),
(708, 'Medler', 'Toddie', '4 Northridge Road', 'Kolmården', 618, 433, 178),
(709, 'Stitle', 'Karmen', '5 Jay Trail', 'Zarichchya', 0, 928, 413),
(710, 'Roelofsen', 'Ross', '33 Stuart Junction', 'Cruces', 0, 199, 995),
(711, 'Kettel', 'Dorette', '34733 Caliangt Pass', 'Youyun', 0, 906, 463),
(712, 'Correa', 'Jerrine', '8283 Warbler Junction', 'Paris La Défense', 92041, 791, 315),
(713, 'Vasilyev', 'Felic', '2044 Eggendart Parkway', 'Malati', 0, 761, 721),
(714, 'Flacknoe', 'Alicea', '56552 Rutledge Pass', 'Uścimów Stary', 21, 311, 105),
(715, 'Warham', 'Giselbert', '1298 Oak Circle', 'Chapultepec', 95600, 570, 135),
(716, 'MacKibbon', 'Angie', '4 Miller Plaza', 'Puerto Boyacá', 155219, 172, 355),
(717, 'Ilieve', 'Arlen', '3 Florence Crossing', 'Vitry-le-François', 51361, 694, 263),
(718, 'O\'Curneen', 'Anthia', '5 Ramsey Alley', 'Sanjiang', 0, 941, 520),
(719, 'Grafom', 'Cornelius', '2261 Mallard Alley', 'Zuwārah', 0, 292, 172),
(720, 'De Laspee', 'Way', '390 Almo Alley', 'Ozorków', 95, 491, 489),
(721, 'Hurrell', 'Nerte', '066 Lillian Pass', 'Changning', 0, 832, 768),
(722, 'Pook', 'Feliza', '009 Lukken Terrace', 'Denton', 76205, 682, 962),
(723, 'Tizard', 'Wain', '1201 Tennessee Lane', 'Pskov', 180559, 647, 266),
(724, 'Chillingworth', 'Julienne', '1134 Melby Park', 'Gros Morne', 0, 663, 743),
(725, 'Bleby', 'Winnie', '3 Farmco Pass', 'Al Kiswah', 0, 875, 937),
(726, 'Lambillion', 'Ennis', '43983 Sunbrook Place', 'Carusucan', 2436, 254, 333),
(727, 'MacMenemy', 'Ronalda', '0 Commercial Crossing', 'Huohua', 0, 956, 126),
(728, 'Ferroli', 'Lissy', '678 Utah Avenue', 'Tizgane', 0, 428, 931),
(729, 'Bunce', 'Veda', '404 Troy Street', 'Gulai', 0, 375, 565),
(730, 'Betchley', 'Gibby', '71 Arkansas Court', 'Bazar-Korgon', 0, 672, 410),
(731, 'Spencock', 'Lorenzo', '50 Dwight Pass', 'Krouna', 539, 223, 749),
(732, 'Bullus', 'Alvina', '83 High Crossing Lane', 'Jiaoqiao', 0, 180, 472),
(733, 'Hatherell', 'Christi', '55 Farwell Street', 'Xibing', 0, 122, 942),
(734, 'Nayer', 'Candy', '94 Maple Center', 'Izazi', 0, 676, 173),
(735, 'Elsmore', 'Bartholomeus', '1 Dorton Lane', 'Tatariv', 0, 854, 790),
(736, 'Maciaszczyk', 'Armin', '9332 Mendota Circle', 'São Borja', 97670, 449, 176),
(737, 'Mottini', 'Etti', '56 Bowman Court', 'Paagahan', 4021, 142, 718),
(738, 'Jerrams', 'Hephzibah', '79077 Golf Course Trail', 'Zhangxiang', 0, 405, 879),
(739, 'Evins', 'Humphrey', '1 Saint Paul Park', 'Agraharam', 532663, 177, 539),
(740, 'Love', 'Suzy', '03 Stuart Pass', 'Massy', 91574, 451, 954),
(741, 'Bernuzzi', 'Fran', '38 Elka Plaza', 'Tangga', 0, 683, 754),
(742, 'Slafford', 'Pacorro', '41 Coolidge Parkway', 'Zvezdara', 0, 270, 919),
(743, 'Aughton', 'Trish', '363 Delladonna Road', 'Nanjing', 0, 717, 773),
(744, 'Wagen', 'Nancy', '7105 Milwaukee Crossing', 'Sukmoilang', 0, 408, 336),
(745, 'Thiese', 'Stavro', '5175 Ridge Oak Pass', 'Hoeyang', 0, 181, 863),
(746, 'Lohoar', 'Daryl', '077 Village Green Trail', 'Starominskaya', 353617, 880, 249),
(747, 'Clemenceau', 'Georgy', '960 Village Crossing', 'Văn Điển', 0, 800, 662),
(748, 'McHaffy', 'Odie', '341 Petterle Terrace', 'Umbultanjung', 0, 756, 563),
(749, 'Narey', 'Hurley', '63307 Declaration Crossing', '‘Afrīn', 0, 623, 248),
(750, 'Luty', 'Brendin', '6702 Annamark Road', 'Laval', 53080, 908, 198),
(751, 'Spooner', 'Abdul', '3 Hovde Parkway', 'Arhust', 0, 229, 942),
(752, 'Kunes', 'Damien', '60 Independence Trail', 'Conqueiros', 2425, 841, 983),
(753, 'Washtell', 'Dolorita', '99943 Grayhawk Alley', 'Piaski', 63, 409, 709),
(754, 'Thibodeaux', 'Ives', '11680 Monument Park', 'Xinxing', 0, 435, 675),
(755, 'Karslake', 'Sharl', '01074 Russell Way', 'Pumwani', 0, 101, 225),
(756, 'Mercik', 'Ludovico', '61841 Myrtle Terrace', 'Uchaly', 453703, 276, 382),
(757, 'Hughlock', 'Whitney', '1 Eliot Circle', 'Srubec', 370, 474, 513),
(758, 'Schlagman', 'Alford', '9 Melody Avenue', 'Marcq-en-Barœul', 59704, 806, 770),
(759, 'Oxborough', 'Padget', '7 Sachtjen Park', 'Rakvere', 0, 839, 294),
(760, 'Morrallee', 'Allie', '07 Hansons Point', 'Turmi', 0, 578, 100),
(761, 'Cissell', 'Codie', '674 Sloan Crossing', 'Les Cèdres', 0, 199, 195),
(762, 'Greengrass', 'Isacco', '310 Clemons Road', 'Godziszów Pierwszy', 23, 645, 116),
(763, 'Street', 'Gail', '1 Emmet Circle', 'Nybro', 382, 570, 725),
(764, 'Corns', 'Ursulina', '033 Carberry Drive', 'Bor', 0, 352, 309),
(765, 'Fearick', 'Emmalyn', '2 Oakridge Circle', 'Miaoqian', 0, 141, 534),
(766, 'Rehorek', 'Colline', '167 Clyde Gallagher Hill', 'Rato', 0, 246, 733),
(767, 'Pitman', 'Sofia', '2869 Reindahl Parkway', 'Preiļi', 0, 600, 123),
(768, 'Girdlestone', 'Thia', '0930 Carey Terrace', 'Qizhen', 0, 366, 170),
(769, 'Pallesen', 'Carlene', '8607 Dakota Crossing', 'Al Ain', 0, 333, 838),
(770, 'Siddons', 'Cristine', '513 Truax Place', 'Zhongguan', 0, 345, 541),
(771, 'Shalders', 'Franni', '36 Lunder Junction', 'Sydney', 1009, 513, 105),
(772, 'Hamlington', 'Yoshi', '7096 Johnson Hill', 'Liufeng', 0, 828, 757),
(773, 'Franken', 'Ardis', '010 Mendota Street', 'Abeokuta', 0, 571, 134),
(774, 'Cowpe', 'Alejoa', '1006 Service Place', 'Bamusso', 0, 489, 826),
(775, 'Wetherburn', 'Odele', '0 Logan Point', 'Darovskoy', 612140, 149, 759),
(776, 'Milbank', 'Stoddard', '8 Pennsylvania Road', 'Javānrūd', 0, 598, 438),
(777, 'Farryn', 'Sibilla', '85091 Hoffman Road', 'Soledar', 0, 687, 516),
(778, 'McQuaid', 'Cherise', '4 Village Alley', 'Katsuyama', 905, 932, 364),
(779, 'Oldnall', 'Horace', '9626 Evergreen Avenue', 'Radiměř', 569, 928, 591),
(780, 'Amy', 'Uriel', '05 Northfield Plaza', 'Hongshunli', 0, 273, 513),
(781, 'Freebury', 'Erskine', '06870 7th Way', 'Biga', 7031, 168, 701),
(782, 'Scarlon', 'Konstantine', '1 Judy Drive', 'Fort Worth', 76129, 817, 240),
(783, 'Kidson', 'Dur', '74000 Beilfuss Terrace', 'Gashua', 0, 895, 533),
(784, 'Terzo', 'Wolfgang', '1 Bartillon Pass', 'Youdian', 0, 863, 934),
(785, 'Wrigglesworth', 'Findley', '4 Myrtle Circle', 'Marseille', 13425, 927, 816),
(786, 'Starmont', 'June', '4 Old Gate Pass', 'Pionerskiy', 238590, 433, 217),
(787, 'Klein', 'Bili', '9888 Vidon Street', 'Pueblo Nuevo', 0, 796, 493),
(788, 'Hail', 'Archaimbaud', '6441 Maple Road', 'Tlumačov', 763, 306, 657),
(789, 'Jorn', 'Sherrie', '677 Continental Circle', 'Kuala Lumpur', 50923, 345, 586),
(790, 'Pietesch', 'Cammy', '465 Beilfuss Street', 'Zhongzhou', 0, 155, 592),
(791, 'Gillespie', 'Warden', '9699 Hintze Lane', 'Heichengzi', 0, 604, 873),
(792, 'Pippin', 'Alex', '6 Village Drive', 'Nunsena', 0, 154, 859),
(793, 'Willbourne', 'Karlotte', '3 Green Circle', 'Yoshkar-Ola', 424999, 928, 808),
(794, 'Sawdy', 'Hewie', '29340 Briar Crest Park', 'Tupesy', 687, 553, 290),
(795, 'Sambrook', 'Lolly', '454 Stephen Way', 'Hövsan', 0, 354, 383),
(796, 'Blondel', 'Margarita', '4071 Golf Street', 'Wolbrom', 32, 226, 455),
(797, 'Pirdy', 'Vikky', '97745 Kropf Parkway', 'Bergen', 5041, 242, 474),
(798, 'Meneyer', 'Jenna', '6 Grim Alley', 'Cavan', 0, 448, 824),
(799, 'Jossum', 'Michele', '96679 Ramsey Pass', 'Suzhou', 0, 361, 594),
(800, 'Powlesland', 'Milzie', '2281 North Park', 'Courtaboeuf', 91948, 310, 293),
(801, 'Jedrys', 'Parrnell', '24939 Brentwood Terrace', 'Dushanbe', 0, 170, 130),
(802, 'Cowthard', 'Rebekkah', '043 Talisman Avenue', 'Feodosiya', 0, 223, 633),
(803, 'Berkely', 'Hallie', '226 Riverside Circle', 'Chixi', 0, 600, 491),
(804, 'Bateup', 'Curry', '037 Lotheville Parkway', 'Hedong', 0, 496, 352),
(805, 'Chateau', 'Gerri', '8143 Magdeline Junction', 'Samamiya', 0, 676, 795),
(806, 'Fairbrace', 'Beatrice', '189 Caliangt Court', 'Benito Juarez', 95749, 733, 315),
(807, 'Fegan', 'Dacey', '412 East Plaza', 'Tuusniemi', 71201, 828, 616),
(808, 'Sciusscietto', 'Dael', '01028 Oneill Trail', 'Štitar', 32274, 825, 481),
(809, 'Bakesef', 'Briano', '33 Saint Paul Alley', 'Johor Bahru', 80600, 703, 171),
(810, 'Feldmann', 'Demetria', '37 Rowland Lane', 'Casisang', 1109, 409, 621),
(811, 'Gopsall', 'Sile', '42395 Forest Run Court', 'Magadan', 685000, 412, 542),
(812, 'Camous', 'Mozes', '89 Portage Center', 'Gudauta', 0, 105, 946),
(813, 'D\'Elias', 'Fancie', '86 Goodland Crossing', 'Khudāydād Khēl', 0, 916, 218),
(814, 'Scud', 'Gallard', '06 Independence Drive', 'Shkodër', 0, 860, 391),
(815, 'Malthus', 'Thatcher', '3604 Nevada Drive', 'Jiulonggang', 0, 350, 412),
(816, 'McNeill', 'Bartolemo', '207 Becker Crossing', 'Kalinkavichy', 0, 484, 865),
(817, 'Polley', 'Pammi', '892 Monument Park', 'Daiyue', 0, 413, 329),
(818, 'Secretan', 'Desi', '630 Sutteridge Junction', 'Hernani', 6804, 196, 959),
(819, 'Toretta', 'Abbey', '3 Annamark Plaza', 'Dungang', 0, 694, 132),
(820, 'Touret', 'Cathy', '319 Elmside Center', 'Göteborg', 400, 101, 633),
(821, 'Frankcombe', 'Correy', '25 Gulseth Circle', 'Góra', 56, 382, 573),
(822, 'Feronet', 'Neely', '7299 Evergreen Pass', 'Varniai', 88050, 429, 498),
(823, 'Iozefovich', 'Keriann', '083 Elmside Road', 'Bagangan', 0, 436, 750),
(824, 'Etherson', 'Marlowe', '7 Veith Hill', 'Skellefteå', 931, 399, 945),
(825, 'Giraldo', 'Gerrie', '47754 Mandrake Crossing', 'Mirandela', 5370, 569, 202),
(826, 'Hoogendorp', 'Thorndike', '6233 Golf View Alley', 'Fresno', 93773, 559, 979),
(827, 'Danelutti', 'Noella', '82 Continental Avenue', 'Shicheng', 0, 334, 507),
(828, 'Gaitung', 'Garwood', '49071 Oak Junction', 'Bugis', 0, 581, 372),
(829, 'O\'Regan', 'Scottie', '45 Golf Center', 'Changxingbao', 0, 559, 875),
(830, 'Draco', 'Cort', '332 Duke Pass', 'Guan’e', 0, 787, 504),
(831, 'Valsler', 'Fayre', '0 Jenna Junction', 'Sironko', 0, 657, 241),
(832, 'Abramamov', 'Jeramey', '70 Fair Oaks Parkway', 'Palmeira das Missões', 98300, 890, 622),
(833, 'Barlace', 'Scarlet', '843 Lerdahl Center', 'Huinca Renancó', 6270, 590, 273),
(834, 'Sturge', 'Wallis', '06370 Dahle Street', 'Gabao', 4707, 416, 684),
(835, 'Spray', 'Jeromy', '34 Eagan Junction', 'Palmerston North', 4820, 920, 269),
(836, 'Surby', 'Humberto', '91625 Arapahoe Avenue', 'Al Madān', 0, 970, 774),
(837, 'Fobidge', 'Brad', '0 Lotheville Pass', 'Ruo', 0, 191, 851),
(838, 'Pawelczyk', 'Wallache', '5 Bellgrove Trail', 'Lübeck', 23568, 425, 374),
(839, 'Flarity', 'Nick', '75 Russell Drive', 'Fagersta', 737, 312, 715),
(840, 'Ascrofte', 'Emily', '9 Sommers Drive', 'Zákynthos', 0, 553, 790),
(841, 'Ayerst', 'Gilli', '881 Springs Street', 'San Salvador', 0, 292, 994),
(842, 'Heber', 'Maryl', '87892 Spenser Circle', 'Gumaus', 4606, 733, 295),
(843, 'Week', 'Darleen', '6 Goodland Center', 'Curití', 684039, 513, 307),
(844, 'Rosi', 'Murielle', '9606 Onsgard Crossing', 'Mt Peto', 0, 569, 783),
(845, 'Haversum', 'Virgina', '8935 Myrtle Crossing', 'Kampot', 0, 740, 260),
(846, 'Larrett', 'Benedikta', '6 Butterfield Lane', 'Ciriri', 0, 722, 573),
(847, 'Delve', 'Chris', '100 Novick Pass', 'Rízoma', 0, 883, 663),
(848, 'Calvert', 'Euell', '0 Schlimgen Pass', 'Gijon', 33204, 873, 980),
(849, 'Cuseick', 'Nolana', '041 Emmet Center', 'Yelwa', 0, 830, 421),
(850, 'Proger', 'Enos', '9566 Westridge Circle', 'Esmeraldas', 0, 415, 281),
(851, 'Gosnoll', 'Mickey', '35 Lerdahl Plaza', 'Melres', 4515, 452, 916),
(852, 'Kulicke', 'Cleon', '4 Gerald Alley', 'Kristianstad', 291, 889, 574),
(853, 'Foro', 'Orrin', '13741 Westerfield Crossing', 'Agkathiá', 0, 727, 814),
(854, 'Lamperti', 'Arliene', '1 Holy Cross Park', 'Burevestnik', 607612, 246, 694),
(855, 'Hallewell', 'Imojean', '160 Duke Circle', 'Quiriquire', 0, 330, 171),
(856, 'Tomisch', 'Adda', '51 Mifflin Parkway', 'Lukavice', 789, 429, 768),
(857, 'Gorhardt', 'Oona', '23 Schlimgen Hill', 'Fraile Pintado', 4506, 721, 654),
(858, 'Giveen', 'Rabi', '5 Waxwing Terrace', 'Biên Hòa', 0, 490, 407),
(859, 'Roddam', 'Hale', '855 Beilfuss Street', 'São João', 4890, 419, 542),
(860, 'Davydychev', 'Susana', '87346 Forster Road', 'Pinara', 0, 605, 663),
(861, 'Zanassi', 'Neel', '3427 Arkansas Street', 'Oughterard', 0, 371, 431),
(862, 'Giacomini', 'Gunar', '424 Laurel Parkway', 'Dangcalan', 4715, 882, 532),
(863, 'Goodyer', 'Dwight', '43830 Dovetail Court', 'Bambor', 0, 965, 958),
(864, 'Duffan', 'Goldi', '74 Badeau Place', 'Hasan', 0, 717, 991),
(865, 'Polfer', 'Homere', '7096 Grasskamp Avenue', 'Navashino', 452538, 630, 214),
(866, 'Avramovich', 'Worden', '0774 Truax Way', 'Ningxi', 0, 166, 247),
(867, 'Wardell', 'Herbie', '83 Drewry Lane', 'Sicheng', 0, 677, 241),
(868, 'O\'Duilleain', 'Grove', '5 Westridge Trail', 'Delong', 0, 157, 916),
(869, 'Beaufoy', 'Mala', '1 Continental Trail', 'Lamam', 0, 537, 814),
(870, 'Giannazzi', 'Marlene', '932 Starling Hill', 'Zaslawye', 0, 828, 945),
(871, 'Wederell', 'Eunice', '0 Shelley Crossing', 'Trairi', 62690, 613, 985),
(872, 'Franks', 'Fernanda', '67 Old Shore Trail', 'Ust-Kamenogorsk', 0, 732, 985),
(873, 'Kendrew', 'Justin', '77 Towne Park', 'Niopanda', 0, 132, 364),
(874, 'Calow', 'Cordey', '91 Buena Vista Plaza', 'Kamiennik', 48, 994, 276),
(875, 'Caghan', 'Kirsten', '188 Fairview Alley', 'Qādirpur Rān', 59311, 270, 209),
(876, 'Keary', 'Inger', '76121 Golf View Parkway', 'Celje', 3600, 303, 432),
(877, 'Cuffley', 'Blaine', '73201 Kedzie Court', 'Aquidauana', 79200, 301, 165),
(878, 'Blanque', 'Nikola', '20260 Crownhardt Center', 'Vale de Madeiros', 3525, 327, 800),
(879, 'Laverack', 'Wain', '92715 Lakeland Court', 'Winduraja', 0, 354, 532),
(880, 'Fedder', 'Loella', '0 Maple Wood Avenue', 'Hantsavichy', 0, 680, 937),
(881, 'Danbury', 'Cchaddie', '87368 Dahle Point', 'Primorsko-Akhtarsk', 353866, 876, 822),
(882, 'Scinelli', 'Leigha', '39907 Bunker Hill Alley', 'Martinlongo', 8970, 930, 220),
(883, 'Chirm', 'Carlina', '2 Weeping Birch Place', 'Kuantan', 25532, 260, 259),
(884, 'Havelin', 'Abdul', '1 Harper Pass', 'Gryazovets', 162002, 503, 344),
(885, 'Coulthard', 'Rasia', '61954 Green Ridge Junction', 'Oslo', 979, 449, 337),
(886, 'McAndrew', 'Emili', '3 Saint Paul Terrace', 'Arue', 0, 594, 150),
(887, 'Gracewood', 'Warren', '453 Warrior Pass', 'Taipalsaari', 54920, 133, 743),
(888, 'Greenman', 'Cyndi', '7 Forest Dale Terrace', 'Huangtian', 0, 241, 445),
(889, 'Cornilleau', 'Chadd', '98790 Victoria Hill', 'Šuto Orizare', 1040, 387, 995),
(890, 'Lattie', 'Fenelia', '46142 Village Green Plaza', 'Beskolen', 0, 188, 495),
(891, 'Colby', 'Noami', '18 Jay Way', 'Hiji', 905, 261, 680),
(892, 'Keats', 'Tiler', '10524 Eagan Junction', 'Piława Górna', 58, 338, 832),
(893, 'Gratland', 'Gal', '96 Killdeer Trail', 'Kedungcangkring', 0, 792, 412),
(894, 'Bernardotte', 'Dallas', '81116 Katie Junction', 'Chanuman', 34260, 909, 330),
(895, 'Crosfield', 'Vevay', '7 Dakota Junction', 'Prakhon Chai', 31140, 190, 321),
(896, 'Clery', 'Luce', '41 Fallview Pass', 'Praia do Ribatejo', 2260, 497, 668),
(897, 'Kennington', 'Osmund', '2 Pond Drive', 'Dolati', 0, 314, 929),
(898, 'Flasby', 'Benita', '60041 Rusk Trail', 'Dhahi', 0, 509, 231),
(899, 'Bellhanger', 'Elna', '48090 Fieldstone Place', 'Nakasongola', 0, 887, 829),
(900, 'Liebrecht', 'Rey', '966 Surrey Lane', 'Kallithéa', 0, 594, 600),
(901, 'Conyers', 'Wilbur', '74 Graceland Court', 'Milówka', 34, 556, 200),
(902, 'Jantzen', 'Abdul', '11683 Michigan Park', 'Satovcha', 2956, 965, 212),
(903, 'Brimfield', 'Kaiser', '6 Muir Road', 'El Progreso', 0, 330, 905),
(904, 'Prendeville', 'Sybyl', '8 Westport Court', 'Solidaridad', 94330, 478, 392),
(905, 'De Vuyst', 'Claiborn', '8 Cambridge Junction', 'Sakon Nakhon', 21110, 724, 681),
(906, 'Scawen', 'Ewan', '34666 Hayes Road', 'Kota Kinabalu', 88837, 727, 658),
(907, 'Bricksey', 'Linus', '245 Nevada Hill', 'Eséka', 0, 139, 497),
(908, 'Defond', 'Kippy', '94571 Clarendon Terrace', 'Magan', 677904, 458, 703),
(909, 'Buxsey', 'Maddy', '1 Birchwood Drive', 'Ben Arous', 0, 692, 425),
(910, 'Corkan', 'Una', '81 Rigney Pass', 'Nkongsamba', 0, 522, 409),
(911, 'Nowell', 'Sherm', '0 La Follette Place', 'Berck', 62604, 638, 381),
(912, 'Brambell', 'Edyth', '274 Parkside Park', 'Bonao', 10412, 790, 882),
(913, 'Baggaley', 'Percy', '4 Scoville Point', 'Batutua', 0, 711, 520),
(914, 'Matuszak', 'Des', '9 Amoth Crossing', 'Špišić-Bukovica', 33405, 485, 223),
(915, 'Verity', 'Joli', '04 Dayton Plaza', 'Victoria West', 7071, 371, 659),
(916, 'McColley', 'Clayson', '07 Roth Hill', 'Kolomanu', 0, 881, 129),
(917, 'Caunter', 'Dannye', '85892 Northridge Road', 'Longshe', 0, 497, 534),
(918, 'Lowfill', 'Ambrosi', '9 Jenna Drive', 'Frederiksberg', 1950, 206, 460),
(919, 'Kynett', 'Clarisse', '105 Kings Way', 'Corani', 0, 607, 115),
(920, 'Kipling', 'Waverly', '930 Mesta Alley', 'Igbeti', 0, 122, 136),
(921, 'Damato', 'Trix', '2907 Rockefeller Trail', 'Staraya Russa', 175228, 885, 870),
(922, 'Bumphries', 'Latashia', '2861 Fulton Parkway', 'Siaya', 0, 973, 113),
(923, 'Karp', 'Trevor', '79 American Way', 'Cafe', 5516, 281, 157),
(924, 'Fayne', 'Guglielmo', '69697 Rockefeller Way', 'Cândido Mota', 19880, 524, 962),
(925, 'de Castelain', 'Homerus', '61701 International Plaza', 'Noen Maprang', 65190, 913, 849),
(926, 'Clifford', 'Ulick', '4401 Oxford Plaza', 'Ihosy', 0, 161, 238),
(927, 'Gashion', 'Mahala', '32 Becker Place', 'Laval', 53009, 310, 239),
(928, 'Malam', 'Shirline', '4648 Linden Trail', 'Beixiang', 0, 692, 902),
(929, 'Beert', 'Wiley', '31582 Arrowood Terrace', 'Shuibatang', 0, 629, 616),
(930, 'Buckthorpe', 'Tisha', '00682 Rusk Circle', 'Roma', 128, 302, 253),
(931, 'Mort', 'Orlando', '9275 Carpenter Court', 'Porto União', 89400, 609, 168),
(932, 'Seeviour', 'Arman', '1 Bartelt Center', 'Sukaratu', 0, 699, 161),
(933, 'Wardhaugh', 'Zak', '4 Pleasure Road', 'Panorama', 17980, 650, 534),
(934, 'Kepling', 'Ynes', '31687 Anhalt Way', 'Amboasary', 0, 241, 610),
(935, 'Loch', 'Sinclare', '84 Rowland Place', 'Hotonj', 0, 707, 805),
(936, 'Petyakov', 'Alia', '76376 Merrick Point', 'Hake', 0, 702, 586),
(937, 'Plewes', 'Waneta', '6411 Moulton Alley', 'Qianjin', 0, 681, 735),
(938, 'de Quesne', 'Egor', '78 Hallows Point', 'Patani', 0, 129, 590),
(939, 'Alpin', 'Fidelity', '084 Northwestern Alley', 'Laboulaye', 5120, 306, 713),
(940, 'Whyman', 'Peta', '613 Algoma Alley', 'Itambé', 55920, 330, 761),
(941, 'Weldrick', 'Rozamond', '14567 Glacier Hill Road', 'Puente Alto', 0, 492, 291),
(942, 'Gibbings', 'Russ', '72 Stone Corner Drive', 'Nailung', 0, 107, 144),
(943, 'Belchamber', 'Bonita', '16345 Katie Park', 'Oetua', 0, 373, 765),
(944, 'Hyatt', 'Sonnnie', '6730 Coleman Road', 'Rozsypne', 0, 284, 270),
(945, 'Arnoult', 'Quentin', '7 Melrose Avenue', 'Severodvinsk', 164509, 431, 647),
(946, 'Bartoszek', 'Dante', '2768 Annamark Pass', 'Digby', 0, 637, 418),
(947, 'Spirritt', 'Errick', '124 Burrows Way', 'Zhexiao', 0, 265, 790),
(948, 'Marti', 'Hershel', '2422 Daystar Alley', 'Bagumbayan', 9810, 599, 408),
(949, 'Fallen', 'Ardisj', '34 Moland Point', 'Kaduketug', 0, 568, 426),
(950, 'Borrell', 'Munroe', '1 Nobel Point', 'Zwolle', 8029, 103, 646),
(951, 'Sesons', 'Dilly', '6112 Dixon Alley', 'Los Angeles', 90005, 323, 977),
(952, 'Henden', 'Evangelia', '8920 Oriole Lane', 'Capatárida', 0, 931, 757),
(953, 'Chandlar', 'Judye', '78 Hazelcrest Way', 'Fuxing', 0, 739, 969),
(954, 'Fassbindler', 'Ashly', '8 Clyde Gallagher Alley', 'Zaqatala', 0, 265, 742),
(955, 'Treffry', 'Rozanne', '9 Arapahoe Point', 'Halayhayin', 4010, 909, 887),
(956, 'Hilland', 'Gorden', '2189 Cottonwood Drive', 'Muriaé', 36880, 627, 525),
(957, 'Merrydew', 'Gavrielle', '8 Riverside Crossing', 'Itamaraju', 45836, 865, 577),
(958, 'Elsmore', 'Anderea', '92849 Harbort Parkway', 'Wengyang', 0, 250, 566),
(959, 'Philo', 'Catharina', '806 Karstens Avenue', 'Ţammūn', 0, 788, 767),
(960, 'Buckmaster', 'Ange', '04852 Del Mar Trail', 'Takum', 0, 154, 194),
(961, 'Dammarell', 'Chaim', '54 Farwell Way', 'Katrineholm', 641, 154, 678),
(962, 'Crysell', 'Jephthah', '4 Elmside Junction', 'Bahāwalnagar', 57031, 804, 649),
(963, 'Eeles', 'Edith', '4609 Brentwood Trail', 'Dolavón', 5531, 205, 448),
(964, 'Hucklesby', 'Clive', '9 West Trail', 'Plaridel', 7209, 480, 630),
(965, 'Aitken', 'Sherlock', '0 Fieldstone Street', 'Szamotuły', 64, 555, 557),
(966, 'Faires', 'Katy', '0 Melby Avenue', 'Nifuboko', 0, 113, 450),
(967, 'Harte', 'Klemens', '8 La Follette Point', 'Chakou', 0, 384, 703),
(968, 'Vautre', 'Donnie', '28493 Onsgard Street', 'Cruz', 4605, 621, 810),
(969, 'Teers', 'Craig', '6864 Pepper Wood Hill', 'Vydreno', 425399, 945, 502),
(970, 'Weddeburn', 'Fanni', '8 Jana Hill', 'Cournon-d\'Auvergne', 63804, 435, 614),
(971, 'Burkwood', 'Thorvald', '0 Little Fleur Avenue', 'Sinacaban', 7203, 413, 865),
(972, 'Eccleshare', 'Rivkah', '70 Jay Way', 'Si Sa Ket', 33140, 297, 120),
(973, 'Manneville', 'Michaeline', '1 Mesta Court', 'Léo', 0, 427, 948),
(974, 'Geekin', 'Beatrix', '17911 Gina Court', 'Di Linh', 0, 583, 451),
(975, 'Fretter', 'Marie-jeanne', '75 Dottie Court', 'Saint-Raymond', 0, 555, 960),
(976, 'Caygill', 'Sidonia', '55686 Pearson Parkway', 'Benito Juarez', 41800, 401, 495),
(977, 'Gascoyen', 'Rowe', '98 Kropf Terrace', 'Chinú', 232059, 166, 668),
(978, 'Bloxsum', 'Bartram', '7 Paget Plaza', 'Carolina', 65980, 964, 759),
(979, 'Piquard', 'Juli', '5680 Manitowish Circle', 'Orlando', 32835, 407, 852),
(980, 'Epinoy', 'Rickard', '364 Delaware Plaza', 'Stronie', 34, 638, 942),
(981, 'Reolfo', 'Arturo', '1181 Hauk Junction', 'Kuanping', 0, 863, 594),
(982, 'Crevagh', 'Charmian', '9 Quincy Circle', 'Examília', 0, 842, 318),
(983, 'Kuban', 'Ludovico', '3122 Vermont Terrace', 'Candi Prambanan', 0, 419, 394),
(984, 'Tuite', 'Montague', '69 Di Loreto Way', 'Pisz', 12, 728, 944),
(985, 'Santon', 'Ailene', '48063 Eagle Crest Alley', 'Wotsogo', 0, 440, 672),
(986, 'Siberry', 'Malanie', '6231 Oak Valley Crossing', 'Capacmarca', 0, 117, 960),
(987, 'Spurdon', 'Gayel', '1 Northland Court', 'Martingança', 2445, 302, 428),
(988, 'Karim', 'Flss', '37 Bartillon Terrace', 'Lankaran', 0, 840, 540),
(989, 'Mathie', 'Forest', '279 Kinsman Street', 'Dahu', 0, 253, 949),
(990, 'Gandy', 'Noella', '8280 Pepper Wood Lane', 'Kumlinge', 22820, 658, 531),
(991, 'Stoffer', 'Domeniga', '8 Luster Hill', 'New York City', 10045, 212, 496),
(992, 'Wile', 'Karlene', '53000 Lake View Lane', 'Hòa Bình', 0, 102, 284),
(993, 'Sponton', 'Annamaria', '38721 Lawn Lane', 'Haozigang', 0, 652, 251),
(994, 'Mariette', 'Janith', '41 Dunning Road', 'Bukama', 0, 900, 191),
(995, 'Longstreet', 'Alene', '3 Schlimgen Street', 'Wangchang', 0, 343, 966),
(996, 'Simonyi', 'Son', '4370 Buell Park', 'Batudulang', 0, 123, 878),
(997, 'Cudby', 'Natassia', '5933 Shopko Pass', 'Vingåker', 643, 682, 838),
(998, 'Elgee', 'Marian', '4 Golf Course Center', 'Seattle', 98140, 253, 250),
(999, 'Vasilyevski', 'Ibrahim', '1596 Bluestem Crossing', 'Fatukanutu', 0, 323, 647),
(1000, 'Grinnell', 'Gideon', '5734 Browning Alley', 'Baiyang', 0, 878, 981);

-- --------------------------------------------------------

--
-- Structure de la table `race__chat`
--

DROP TABLE IF EXISTS `race__chat`;
CREATE TABLE IF NOT EXISTS `race__chat` (
  `id` int(11) NOT NULL,
  `nom` varchar(255) DEFAULT NULL,
  PRIMARY KEY (`id`)
) ENGINE=MyISAM DEFAULT CHARSET=utf8mb4 COLLATE=utf8mb4_0900_ai_ci;

--
-- Déchargement des données de la table `race__chat`
--

INSERT INTO `race__chat` (`id`, `nom`) VALUES
(0, 'Nom'),
(1, 'Pseudoleistes virescens'),
(2, 'Thamnolaea cinnmomeiventris'),
(3, 'Egretta thula'),
(4, 'Porphyrio porphyrio'),
(5, 'Aonyx capensis'),
(6, 'Cordylus giganteus'),
(7, 'Canis lupus baileyi'),
(8, 'Coluber constrictor foxii'),
(9, 'Phalacrocorax carbo'),
(10, 'Speotyte cuniculata'),
(11, 'Isoodon obesulus'),
(12, 'Bugeranus caruncalatus'),
(13, 'Theropithecus gelada'),
(14, 'Felis serval'),
(15, 'Spizaetus coronatus'),
(16, 'Macaca mulatta'),
(17, 'Anitibyx armatus'),
(18, 'Tadorna tadorna'),
(19, 'Spermophilus parryii'),
(20, 'Alopochen aegyptiacus'),
(21, 'Buteo galapagoensis'),
(22, 'Bassariscus astutus'),
(23, 'Phoca vitulina'),
(24, 'Ovis ammon'),
(25, 'Panthera pardus'),
(26, 'Phoeniconaias minor'),
(27, 'Felis concolor'),
(28, 'Bucorvus leadbeateri'),
(29, 'Estrilda erythronotos'),
(30, 'Zenaida asiatica');

-- --------------------------------------------------------

--
-- Structure de la table `race__chien`
--

DROP TABLE IF EXISTS `race__chien`;
CREATE TABLE IF NOT EXISTS `race__chien` (
  `id` int(11) NOT NULL,
  `nom` varchar(50) DEFAULT NULL,
  PRIMARY KEY (`id`)
) ENGINE=MyISAM DEFAULT CHARSET=utf8mb4 COLLATE=utf8mb4_0900_ai_ci;

--
-- Déchargement des données de la table `race__chien`
--

INSERT INTO `race__chien` (`id`, `nom`) VALUES
(2, 'Nyctanassa violacea'),
(1, 'Felis caracal'),
(0, 'Nom'),
(3, 'Ovis musimon'),
(4, 'Limnocorax flavirostra'),
(5, 'Propithecus verreauxi'),
(6, 'unavailable'),
(7, 'Cynictis penicillata'),
(8, 'Vulpes cinereoargenteus'),
(9, 'Tapirus terrestris'),
(10, 'Kobus defassa'),
(11, 'Macropus parryi'),
(12, 'Colaptes campestroides'),
(13, 'Morelia spilotes variegata'),
(14, 'Castor canadensis'),
(15, 'Bubalus arnee'),
(16, 'Ictonyx striatus'),
(17, 'Elephas maximus bengalensis'),
(18, 'Falco peregrinus'),
(19, 'unavailable'),
(20, 'Isoodon obesulus'),
(21, 'Ovis ammon'),
(22, 'Crotalus cerastes'),
(23, 'Castor canadensis'),
(24, 'Madoqua kirkii'),
(25, 'Cynomys ludovicianus'),
(26, 'Macropus parryi'),
(27, 'Bugeranus caruncalatus'),
(28, 'Cervus elaphus'),
(29, 'Casmerodius albus'),
(30, 'Acrobates pygmaeus');

-- --------------------------------------------------------

--
-- Structure de la table `visite`
--

DROP TABLE IF EXISTS `visite`;
CREATE TABLE IF NOT EXISTS `visite` (
  `id` int(11) NOT NULL,
  `dateVisite` date DEFAULT NULL,
  `raison` text,
  `idDossier` int(11) DEFAULT NULL,
  `id_Animal` int(11) DEFAULT NULL,
  `idVétérinaire` int(11) DEFAULT NULL,
  PRIMARY KEY (`id`)
) ENGINE=MyISAM DEFAULT CHARSET=utf8mb4 COLLATE=utf8mb4_0900_ai_ci;

-- --------------------------------------------------------

--
-- Structure de la table `vétérinaire`
--

DROP TABLE IF EXISTS `vétérinaire`;
CREATE TABLE IF NOT EXISTS `vétérinaire` (
  `id` int(11) NOT NULL,
  `nom` varchar(255) DEFAULT NULL,
  `prénom` varchar(255) DEFAULT NULL,
  `téléphone` int(11) DEFAULT NULL,
  `mobile` int(11) DEFAULT NULL,
  PRIMARY KEY (`id`)
) ENGINE=MyISAM DEFAULT CHARSET=utf8mb4 COLLATE=utf8mb4_0900_ai_ci;

--
-- Déchargement des données de la table `vétérinaire`
--

INSERT INTO `vétérinaire` (`id`, `nom`, `prénom`, `téléphone`, `mobile`) VALUES
(0, 'Nom', 'prénom', 0, 0),
(1, 'Hagen', 'Tenant', 352, 834),
(2, 'Dulcine', 'Richin', 545, 549),
(3, 'Merrili', 'Fetherstonhaugh', 900, 481),
(4, 'Bili', 'Topping', 140, 252),
(5, 'Blythe', 'Denziloe', 625, 992),
(6, 'Nickolaus', 'Robeiro', 218, 452);
COMMIT;

/*!40101 SET CHARACTER_SET_CLIENT=@OLD_CHARACTER_SET_CLIENT */;
/*!40101 SET CHARACTER_SET_RESULTS=@OLD_CHARACTER_SET_RESULTS */;
/*!40101 SET COLLATION_CONNECTION=@OLD_COLLATION_CONNECTION */;
